hos_event_id,hos_home,hos_home_id,hos_home_cid,hos_away,hos_away_id,hos_away_cid
005652e0-009e-4dcf-8199-b1db5c4128f3,Virginia Cavaliers,4aea31e9-ceb9-4216-b671-1b0b9026e406,4aea31e9-ceb9-4216-b671-1b0b9026e406,Syracuse Orange,c30f9884-7817-4c7f-9703-0a4c5419962a,c30f9884-7817-4c7f-9703-0a4c5419962a
181eae3e-c464-4ee1-b25b-c2e6548f46bd,Rutgers Scarlet Knights,bb97ac4f-3d7e-441a-9a2b-e733ebe306eb,bb97ac4f-3d7e-441a-9a2b-e733ebe306eb,Nebraska Cornhuskers,2fa8e1a8-b372-46b3-ad28-86ff5c325909,2fa8e1a8-b372-46b3-ad28-86ff5c325909
2eb418b3-96c7-4610-a458-4a8ca9c879f0,Wake Forest Demon Deacons,836171fa-4fc0-482d-a2f9-5214b735580d,836171fa-4fc0-482d-a2f9-5214b735580d,Louisville Cardinals,846d0599-4851-4f37-9fc8-54ac26178f5d,846d0599-4851-4f37-9fc8-54ac26178f5d
3f7b614f-4b78-4e4e-86cb-5b11960d6e2d,Indiana Hoosiers,8e5a54c2-8fd9-4b3b-95c3-ccbca0d85804,8e5a54c2-8fd9-4b3b-95c3-ccbca0d85804,Wisconsin Badgers,44bb3647-99eb-4a04-86bb-33c09d6dee3e,44bb3647-99eb-4a04-86bb-33c09d6dee3e
6410df15-d138-4199-933e-d27efeb84d3f,North Carolina State Wolfpack,01224fd8-48fd-4cf9-8a6f-080723d9a8f5,01224fd8-48fd-4cf9-8a6f-080723d9a8f5,Virginia Tech Hokies,cc798c58-c77c-4f60-a8d4-d502456cee58,cc798c58-c77c-4f60-a8d4-d502456cee58
6788af1e-e5c7-493a-a794-65dceb66b6a1,Army Black Knights,a124b15a-73bf-40a9-92b8-935687a6db1a,a124b15a-73bf-40a9-92b8-935687a6db1a,Lafayette Leopards,e0ea133e-9e69-4760-929d-81b0b8f2780b,e0ea133e-9e69-4760-929d-81b0b8f2780b
6b2569c2-50aa-4d03-ba16-f30581cb5248,Georgetown Hoyas,2752b51b-fe50-4644-ad87-6fffa6bd12bb,2752b51b-fe50-4644-ad87-6fffa6bd12bb,Villanova Wildcats,f7eec5d7-392e-4ba1-8929-6329358fbb15,f7eec5d7-392e-4ba1-8929-6329358fbb15
8f005de2-4a9f-4741-8869-e77da0823327,East Carolina Pirates,baafbf73-9dfc-4289-bcfe-14daf9782478,baafbf73-9dfc-4289-bcfe-14daf9782478,Temple Owls,d85035c0-bfbb-4c9f-bfa3-38f6ee2a4ac6,d85035c0-bfbb-4c9f-bfa3-38f6ee2a4ac6
aa59775b-113b-44e4-9ac7-af4638cfac1c,Elon Phoenix,bfbac3d1-8e7f-4ab5-9f3f-834ce201fd07,bfbac3d1-8e7f-4ab5-9f3f-834ce201fd07,Drexel Dragons,1a0ecbc8-231b-40d3-8b0c-3c21f0a1972f,1a0ecbc8-231b-40d3-8b0c-3c21f0a1972f
b0d3c1d8-cf05-4ef7-9a8d-6a62f9a1a891,Mississippi State Bulldogs,8b0c05de-df07-432d-b9aa-6f405e45959d,8b0c05de-df07-432d-b9aa-6f405e45959d,Arkansas Razorbacks,d65b488b-bab2-46c8-8717-ca35a731591f,d65b488b-bab2-46c8-8717-ca35a731591f
078e5093-b0f0-4659-aa20-525cb6e885af,Central Connecticut State Blue Devils,2d345f5c-0939-4d11-ac8f-8b761495d355,2d345f5c-0939-4d11-ac8f-8b761495d355,Wagner Seahawks,770d7d0a-4c9f-4a30-b5ac-686929e542c5,770d7d0a-4c9f-4a30-b5ac-686929e542c5
20bd9cf1-0447-467d-a158-c38b99c481ee,South Carolina Gamecocks,ed2bf4a2-e2cd-4eaa-aeb4-766daeb3f5d4,ed2bf4a2-e2cd-4eaa-aeb4-766daeb3f5d4,Missouri Tigers,c030fee4-7a20-45e4-bfb3-5289e9ae8e7d,c030fee4-7a20-45e4-bfb3-5289e9ae8e7d
3c9b753d-fa5f-4e2f-8a6f-21427994937b,Le Moyne Dolphins,bd1cd1b5-4d38-4a22-b114-84fccda0ce06,bd1cd1b5-4d38-4a22-b114-84fccda0ce06,Saint Francis Red Flash,5893b945-8c1f-4d18-912a-71f863d59867,5893b945-8c1f-4d18-912a-71f863d59867
4f90071b-013a-4ae7-8f7a-875b9d8ee593,Coastal Carolina Chanticleers,1222232e-7325-462f-9909-f4b0d6c2209f,1222232e-7325-462f-9909-f4b0d6c2209f,Massachusetts Minutemen,aa5e6fe2-4bec-4f5d-ab4c-dc34bba597e6,aa5e6fe2-4bec-4f5d-ab4c-dc34bba597e6
665a9fb0-4ed7-49ee-9993-53ee01008be7,Delaware Fightin' Blue Hens,7cc5db4f-549c-4b33-85bb-17aa4e2e6275,7cc5db4f-549c-4b33-85bb-17aa4e2e6275,Middle Tennessee State Blue Raiders,164b84fa-66f1-4fbf-9c5d-12f49531b03c,164b84fa-66f1-4fbf-9c5d-12f49531b03c
86d7b604-0474-44cc-9564-546a9d73b20a,Virginia Military Institute Keydets,d3006f55-7702-48f8-b007-975e36f7dd7d,d3006f55-7702-48f8-b007-975e36f7dd7d,East Tennessee State Buccaneers,6bb1ca98-9fb6-4b47-8350-8469af58e2d5,6bb1ca98-9fb6-4b47-8350-8469af58e2d5
96318cde-a016-4563-9d39-2d6e4d58670a,Appalachian State Mountaineers,9d7ac1a1-2fee-4a9f-9fc2-1c14091428b2,9d7ac1a1-2fee-4a9f-9fc2-1c14091428b2,Eastern Michigan Eagles,d2a10153-02ef-494c-b213-83f3dbd3683b,d2a10153-02ef-494c-b213-83f3dbd3683b
ad9205fa-2232-437d-949a-fdfa291d5706,Purdue Boilermakers,6699975a-c6e9-43d0-96ba-35f73733a44e,6699975a-c6e9-43d0-96ba-35f73733a44e,Oregon Ducks,53059973-cb88-47c4-8074-f1d12f0acb49,53059973-cb88-47c4-8074-f1d12f0acb49
b9b31d13-5a0e-4db8-85f2-49b86b80a5e3,Boston Terriers,d4e44ae5-5311-424d-96aa-3880a202e6b7,d4e44ae5-5311-424d-96aa-3880a202e6b7,Loyola Maryland Greyhounds,92450402-49ca-4558-9c0f-70be0ff0d01e,92450402-49ca-4558-9c0f-70be0ff0d01e
dd5ac78a-09eb-4acb-af5f-0a5474b5378f,New Haven Chargers,e7e7a7ae-37f7-48a4-88ac-2bea8387ff79,e7e7a7ae-37f7-48a4-88ac-2bea8387ff79,Chicago State Cougars,9dc1307f-e5fd-4a01-a9d0-8347229ef65b,9dc1307f-e5fd-4a01-a9d0-8347229ef65b
66f997ec-0fbf-4670-8386-7b143b729074,Vermont Catamounts,6696f7d5-8fa9-4ae7-aeb4-69267fda2480,6696f7d5-8fa9-4ae7-aeb4-69267fda2480,New Hampshire Wildcats,8a823149-400c-45a0-9876-21e2715a74e5,8a823149-400c-45a0-9876-21e2715a74e5
0e52105d-cb4b-4f53-85c8-0798586cb05a,Pennsylvania Quakers,e3c0bd8a-7487-41e3-a743-46131132ed6a,e3c0bd8a-7487-41e3-a743-46131132ed6a,Princeton Tigers,0fa9bab6-d8a4-4050-8eec-cc9cbe8b225a,0fa9bab6-d8a4-4050-8eec-cc9cbe8b225a
11677d23-26f3-4274-b802-954bb7271162,Holy Cross Crusaders,374f3273-9a78-4452-a20c-d2060cc827c4,374f3273-9a78-4452-a20c-d2060cc827c4,Lehigh Mountain Hawks,7939a41f-9f66-4255-9638-089f7db403c5,7939a41f-9f66-4255-9638-089f7db403c5
16804987-266e-424e-becb-4bee74ae852a,Iowa State Cyclones,31f42929-e924-471f-aa36-c4298a3312f6,31f42929-e924-471f-aa36-c4298a3312f6,Baylor Bears,6d24d297-f1d3-43ee-a5ae-1214449f2f8a,6d24d297-f1d3-43ee-a5ae-1214449f2f8a
1c77298d-85a1-4dc7-8838-285d6b82b535,Saint Peter's Peacocks,099ee231-0bc5-4d6e-b42f-58ce0099f0f2,099ee231-0bc5-4d6e-b42f-58ce0099f0f2,Siena Saints,b1486e8b-5f9a-4f34-a119-a5b1948cf2bb,b1486e8b-5f9a-4f34-a119-a5b1948cf2bb
2835b681-1141-46c4-a4d5-29f43edfca7f,Wisconsin Green Bay Phoenix,1baaf0cd-a760-4acd-bf51-0f31aef1f556,1baaf0cd-a760-4acd-bf51-0f31aef1f556,Detroit Mercy Titans,5d1cc9b0-c68b-4da6-9428-55e167d04d4d,5d1cc9b0-c68b-4da6-9428-55e167d04d4d
2f1638ee-4875-4a87-8863-c381d4f51454,Winthrop Eagles,11a4e79a-fe96-47f6-af01-220d944da8e8,11a4e79a-fe96-47f6-af01-220d944da8e8,Longwood Lancers,4e0c2f4b-8c26-460d-98f8-801d85c07d8e,4e0c2f4b-8c26-460d-98f8-801d85c07d8e
4a1d3dc2-53c4-4f04-975b-0954f6d351d0,IU Indianapolis Jaguars,8797ec6f-4563-4c6a-9686-0ef31f9fbac5,8797ec6f-4563-4c6a-9686-0ef31f9fbac5,Cleveland State Vikings,c0b180af-3512-4f3f-8078-73fd325965bc,c0b180af-3512-4f3f-8078-73fd325965bc
57b3753c-2675-4745-b975-ada95c429fba,Presbyterian Blue Hose,e0caab45-6621-4be6-947e-b7e12fe4c83d,e0caab45-6621-4be6-947e-b7e12fe4c83d,Gardner Webb Runnin' Bulldogs,6042eea2-e6c5-4272-819a-4184dfd580fb,6042eea2-e6c5-4272-819a-4184dfd580fb
589a68a4-72e2-46c7-b8d8-21088ba3f287,Texas Christian Horned Frogs,66f229c3-ac03-4496-9175-1b255a3b9732,66f229c3-ac03-4496-9175-1b255a3b9732,Kansas State Wildcats,b8d64e20-2b9c-4934-8d67-9d9cf1cc7406,b8d64e20-2b9c-4934-8d67-9d9cf1cc7406
5f0e6769-677d-46a4-9bac-a7fcdf3d2e38,Pittsburgh Panthers,1ba5a540-ca59-486b-b31c-988c85bb220c,1ba5a540-ca59-486b-b31c-988c85bb220c,Southern Methodist Mustangs,e672e9e8-f342-4935-a097-9d6639361199,e672e9e8-f342-4935-a097-9d6639361199
60281fbd-88c2-4334-9f0c-620672194024,West Georgia Wolves,fa96bbee-7cba-42c6-b1e1-e10eb198af2d,fa96bbee-7cba-42c6-b1e1-e10eb198af2d,Jacksonville Dolphins,ceefe4be-12c1-4ed6-b0e0-6a94397c60d8,ceefe4be-12c1-4ed6-b0e0-6a94397c60d8
65e30349-1aeb-4970-91f3-5132788e3bb4,Texas San Antonio Roadrunners,a2bec77f-bd3a-4402-8704-1180995646bd,a2bec77f-bd3a-4402-8704-1180995646bd,North Texas Mean Green,291453d9-fb5b-4c63-9c8a-b4f89957548a,291453d9-fb5b-4c63-9c8a-b4f89957548a
6beda0f6-97ba-4703-8e83-3340b31eb2cd,North Dakota State Bison,1d30e9ca-8af2-4d66-8907-1002e50478b8,1d30e9ca-8af2-4d66-8907-1002e50478b8,Nebraska Omaha Mavericks,767875aa-8cc4-47e7-86dd-62575b01ca94,767875aa-8cc4-47e7-86dd-62575b01ca94
6e12232b-e6e9-4a8e-becd-deec5f400da3,Georgia State Panthers,adfb3e70-117d-42ac-96c4-246ce0dea414,adfb3e70-117d-42ac-96c4-246ce0dea414,Northern Illinois Huskies,cdddb0da-cd68-4d84-bb84-99f8dd73f726,cdddb0da-cd68-4d84-bb84-99f8dd73f726
7316ed2a-a170-4441-ae4a-2ab93c9b995f,Fordham Rams,587530f4-99f2-4909-82c0-f2b8f7360246,587530f4-99f2-4909-82c0-f2b8f7360246,St. Bonaventure Bonnies,619e61d3-1974-45e8-842a-c4676205c9f7,619e61d3-1974-45e8-842a-c4676205c9f7
776a9878-adab-4fd6-ba4d-33b89242ddb2,North Carolina A&T Aggies,3e84450c-9d1a-4ca5-b869-7d27797bacdc,3e84450c-9d1a-4ca5-b869-7d27797bacdc,Campbell Fighting Camels,7bf0585a-6972-4e46-8559-657758471de2,7bf0585a-6972-4e46-8559-657758471de2
8dc0fbb6-c19f-447f-9424-1f4ec93a53ac,Columbia Lions,80bd5152-68b9-4c06-bb06-f88a256e5ebb,80bd5152-68b9-4c06-bb06-f88a256e5ebb,Cornell Big Red,39488a02-9273-4954-abf5-f5b57c05895c,39488a02-9273-4954-abf5-f5b57c05895c
8fc6c98d-fc3d-4692-95de-837d450166c4,Marquette Golden Eagles,39ada210-bd7f-41ee-ae8f-c9ed3821ab29,39ada210-bd7f-41ee-ae8f-c9ed3821ab29,Butler Bulldogs,366cda3f-b8a7-4137-9fe4-2ecf08b2bca2,366cda3f-b8a7-4137-9fe4-2ecf08b2bca2
9b0e6790-d238-46e8-8b01-adae7a46d69d,Boston College Eagles,d7c03da7-66a0-4bdd-89b6-02fce40108f1,d7c03da7-66a0-4bdd-89b6-02fce40108f1,Miami Hurricanes,a860ee7b-596d-4dca-9b95-3082bef7c6b2,a860ee7b-596d-4dca-9b95-3082bef7c6b2
a02f3407-ad99-4907-b447-fe713806e208,Manhattan Jaspers,c3e90e02-08c9-4808-8bd2-35af9d493cd8,c3e90e02-08c9-4808-8bd2-35af9d493cd8,Sacred Heart Pioneers,f8b07ad9-dccc-46f3-b449-bef363fa2c00,f8b07ad9-dccc-46f3-b449-bef363fa2c00
a80f18af-0d55-48ca-b82f-b4968198990a,Rhode Island Rams,70a2a29b-b873-4f06-9bf5-51820c9daa7f,70a2a29b-b873-4f06-9bf5-51820c9daa7f,Richmond Spiders,51cd533d-945d-4fa9-8fb6-aadddee61758,51cd533d-945d-4fa9-8fb6-aadddee61758
a874154b-1c3f-49cf-96b9-e26990a0e3a4,South Carolina Upstate Spartans,32076482-1a4a-4f9a-9241-f5af62a795df,32076482-1a4a-4f9a-9241-f5af62a795df,Charleston Southern Buccaneers,15f74fee-6c41-4389-a4d2-a8169383da2d,15f74fee-6c41-4389-a4d2-a8169383da2d
b194d5b9-83e0-42e5-9b48-b13f2d9a2dba,Texas Longhorns,4db9da99-8e8f-445c-a9d5-344daff6bb89,4db9da99-8e8f-445c-a9d5-344daff6bb89,Mississippi Rebels,7ac2cdb1-9456-480f-907a-b50e624e6f89,7ac2cdb1-9456-480f-907a-b50e624e6f89
c092cb19-0c84-4fd8-92cf-144986efca4e,Liberty Flames,f9b22171-31de-4c20-bb33-04d790417627,f9b22171-31de-4c20-bb33-04d790417627,Missouri State Bears,d4f081c3-dde9-4513-8890-bcd60498c278,d4f081c3-dde9-4513-8890-bcd60498c278
c3707c1a-697e-41ea-add6-c46e836fea42,Bellarmine Knights,3846fd16-9abd-4227-b201-5975cb47e535,3846fd16-9abd-4227-b201-5975cb47e535,Florida Gulf Coast Eagles,4f687722-0dfa-4703-bdc6-71b596a65820,4f687722-0dfa-4703-bdc6-71b596a65820
ce3af693-6963-49c4-9466-525c81b1066a,North Dakota Fighting Hawks,2718de72-164f-4c1a-b684-1d0052ed951b,2718de72-164f-4c1a-b684-1d0052ed951b,Denver Pioneers,2ac616d0-99d4-456c-b461-8751a5807ba2,2ac616d0-99d4-456c-b461-8751a5807ba2
cf17c228-d74f-4b4a-a859-f4f68c08ba92,Duquesne Dukes,e356504c-0d22-49d8-a4ba-0e23b22d6421,e356504c-0d22-49d8-a4ba-0e23b22d6421,George Washington Revolutionaries,a1292433-bf11-45d1-8be3-d712a3b35af5,a1292433-bf11-45d1-8be3-d712a3b35af5
df2b2b54-a707-4c29-9385-2ddaba0c61e4,Tennessee Chattanooga Mocs,bbe1ea68-af10-4cc7-af21-98ae217317fc,bbe1ea68-af10-4cc7-af21-98ae217317fc,The Citadel Bulldogs,1c9b8757-5efe-4ee9-94e8-67c45755117a,1c9b8757-5efe-4ee9-94e8-67c45755117a
eafa20f4-7d41-40d8-bd8d-5dab4a674b64,Quinnipiac Bobcats,8bb11fe7-5a78-49df-ad44-779718484acf,8bb11fe7-5a78-49df-ad44-779718484acf,Niagara Purple Eagles,db93f588-3cf9-428f-9db7-f93f57023ae2,db93f588-3cf9-428f-9db7-f93f57023ae2
d3b62949-86f4-4ab8-8582-a27d7d65df75,Kansas Jayhawks,28f50917-8525-459b-b193-0acfada0b41b,28f50917-8525-459b-b193-0acfada0b41b,Utah Utes,0551253a-db79-468b-ab3c-1e2f1ce31b44,0551253a-db79-468b-ab3c-1e2f1ce31b44
f9014cbf-ac4b-4ce7-aa0b-72a63b759b79,Hampton Pirates,4e882ebc-63b2-46a2-9bc6-cd2c1e341e84,4e882ebc-63b2-46a2-9bc6-cd2c1e341e84,William & Mary Tribe,d2b136f1-1c9b-4eea-9863-ade5fdc10ac3,d2b136f1-1c9b-4eea-9863-ade5fdc10ac3
0b590be0-5bc7-4962-b110-9f6fc1dc304f,Arkansas State Red Wolves,cc2bdb1d-2949-4110-bf2e-0ef2a85b12fd,cc2bdb1d-2949-4110-bf2e-0ef2a85b12fd,Bowling Green State Falcons,f731a4ef-e324-4eab-a636-757be2927d62,f731a4ef-e324-4eab-a636-757be2927d62
1e18bdb6-15c9-47a7-a0fa-d452ade3cd2b,Louisiana Tech Bulldogs,fab3fedd-48e2-4804-a531-a1c445f12e22,fab3fedd-48e2-4804-a531-a1c445f12e22,Sam Houston State Bearkats,7599fe4d-d5b3-479e-a2db-7a62a206795d,7599fe4d-d5b3-479e-a2db-7a62a206795d
7830399c-ca18-46d9-823a-b41daad29785,Western Kentucky Hilltoppers,84eee29e-ea45-40cc-a67d-cc7b25c32de2,84eee29e-ea45-40cc-a67d-cc7b25c32de2,Florida International Panthers,f8ac4de8-a524-4337-9407-082fadca119f,f8ac4de8-a524-4337-9407-082fadca119f
8e7f1261-1330-47b8-8852-cf1d06b0091f,Louisiana Monroe Warhawks,940104ca-3404-430f-8292-1cd9f3fcb992,940104ca-3404-430f-8292-1cd9f3fcb992,Ball State Cardinals,9fac1d5b-607d-4a3f-86b0-6a14d36b87b2,9fac1d5b-607d-4a3f-86b0-6a14d36b87b2
a634699b-79a5-4ee3-a275-4ded2ea8a67a,Saint Louis Billikens,42a6c4d3-fe1c-4ccf-a1a9-4adaa636348a,42a6c4d3-fe1c-4ccf-a1a9-4adaa636348a,La Salle Explorers,eb4d6fd5-c7d7-4a2d-b5c4-fecc30312dc0,eb4d6fd5-c7d7-4a2d-b5c4-fecc30312dc0
e7e91b10-40f3-40c5-b093-eb9d210c098f,Southern Mississippi Golden Eagles,66ab3f18-2c6f-4685-8c16-2fa41cb5b65b,66ab3f18-2c6f-4685-8c16-2fa41cb5b65b,Kent State Golden Flashes,9722ba2c-93a6-4669-b97a-5de15bbc74bc,9722ba2c-93a6-4669-b97a-5de15bbc74bc
ea5f4ceb-7c1f-40bb-97a7-cd99c77f1c4a,Texas State Bobcats,be71f673-3bf2-479a-a82f-dd03c87a6dab,be71f673-3bf2-479a-a82f-dd03c87a6dab,Western Michigan Broncos,b92125a3-be5f-414f-8579-0011f6cd61a7,b92125a3-be5f-414f-8579-0011f6cd61a7
5bf675c2-5871-421c-9018-d058fa8142fb,Fairleigh Dickinson Knights,df60c6e8-29d9-4973-8821-500d931be7ec,df60c6e8-29d9-4973-8821-500d931be7ec,Mercyhurst Lakers,5f62b6be-c7c2-11ec-9042-f28aa67e38fb,5f62b6be-c7c2-11ec-9042-f28aa67e38fb
781a25a1-e6ae-47df-bbdb-ebde44806fc7,Vanderbilt Commodores,4b323443-b71f-43ab-a999-b0c51d3f50f7,4b323443-b71f-43ab-a999-b0c51d3f50f7,Oklahoma Sooners,96c6ea1f-c67a-4fbd-bb8e-6a12f4f2eb61,96c6ea1f-c67a-4fbd-bb8e-6a12f4f2eb61
10d9dc31-90b0-4024-bfa5-51336915ba28,James Madison Dukes,c720fa7b-1ce8-4044-b3ad-ea01a010461a,c720fa7b-1ce8-4044-b3ad-ea01a010461a,Toledo Rockets,b8d6c83e-62ae-4ef4-b7e2-b2c54e23751f,b8d6c83e-62ae-4ef4-b7e2-b2c54e23751f
13276408-3346-45c3-bb72-c355d2c4ccfc,Queens Royals,0e8e1470-6972-4835-8192-d74a4f8662c6,0e8e1470-6972-4835-8192-d74a4f8662c6,North Florida Ospreys,c140e4eb-4903-45f6-9a8d-9a6d78b22690,c140e4eb-4903-45f6-9a8d-9a6d78b22690
1948385c-73a8-44a1-a2be-88fc6d03b677,Utah Valley Wolverines,70fd1195-7aa6-404d-b0a4-6635be43766e,70fd1195-7aa6-404d-b0a4-6635be43766e,Texas Arlington Mavericks,7f6a4152-a786-4a6e-84d3-369423f82f1b,7f6a4152-a786-4a6e-84d3-369423f82f1b
1aaf4409-caea-4980-8e56-a8e0f5bc609b,Hofstra Pride,4bee1f2e-33da-4d99-a280-9cf055bdd879,4bee1f2e-33da-4d99-a280-9cf055bdd879,Towson Tigers,6d53504b-5f01-460c-8e10-fcb18e1802d7,6d53504b-5f01-460c-8e10-fcb18e1802d7
349e3479-53f0-42a1-b246-1c42f8697f5a,Wofford Terriers,ddf939f6-0ff8-48c4-ba80-1a33ee1646c3,ddf939f6-0ff8-48c4-ba80-1a33ee1646c3,Western Carolina Catamounts,1cf03d1d-2b35-45b4-9d12-547f4f71ab27,1cf03d1d-2b35-45b4-9d12-547f4f71ab27
3d7db612-5332-4989-bd55-7062b49a38b0,Nicholls State Colonels,75a9087d-1b0b-4f86-97eb-e4f4106cf447,75a9087d-1b0b-4f86-97eb-e4f4106cf447,Texas A&M Corpus Christi Islanders,2046fdff-d450-4d34-8457-b2f3775a6093,2046fdff-d450-4d34-8457-b2f3775a6093
459cada4-1a99-4f50-b14d-3869ca30b049,Bryant Bulldogs,fc0a5664-a928-444c-9d98-d32c4659a31c,fc0a5664-a928-444c-9d98-d32c4659a31c,Maine Black Bears,eea5cd05-9bba-4ff1-9d59-179684102438,eea5cd05-9bba-4ff1-9d59-179684102438
52e59dad-1ffc-4b58-a326-a8fd77959020,Tennessee Martin Skyhawks,bfa23531-2508-461b-9d8b-eba4d64d8971,bfa23531-2508-461b-9d8b-eba4d64d8971,Morehead State Eagles,bd80ace3-9e81-4044-af66-769a67dab6bc,bd80ace3-9e81-4044-af66-769a67dab6bc
63556f77-eebe-4f19-94b5-7d6ad283a67d,Navy Midshipmen,d014d4d8-959d-417a-89a3-07d61b577bf9,d014d4d8-959d-417a-89a3-07d61b577bf9,American Eagles,01d829cd-f747-4189-a176-6da13fff38fc,01d829cd-f747-4189-a176-6da13fff38fc
7d4f3b7d-a8fd-4a8b-b416-1dc9e9789e1e,Marshall Thundering Herd,6790549b-711d-4e80-a7a1-38fe802a9d43,6790549b-711d-4e80-a7a1-38fe802a9d43,Miami RedHawks,6fbd1a3e-ef08-458a-9e42-8d73a145835b,6fbd1a3e-ef08-458a-9e42-8d73a145835b
7d56f9e6-02a0-419d-8d8c-d08c72b44a27,Stony Brook Seawolves,626f93d7-a0e8-413d-8e7f-5b9321da2137,626f93d7-a0e8-413d-8e7f-5b9321da2137,Northeastern Huskies,6df73bd1-f68e-4cc1-8229-f6b0f60a66c5,6df73bd1-f68e-4cc1-8229-f6b0f60a66c5
82112c2f-5b4a-4bcc-a26e-e2a0f69ae6c4,Tennessee Tech Golden Eagles,b966a475-22c9-45a4-91da-7f38ceb8b42c,b966a475-22c9-45a4-91da-7f38ceb8b42c,Eastern Illinois Panthers,264e6d1d-4dd3-4263-9309-6f43db1520e1,264e6d1d-4dd3-4263-9309-6f43db1520e1
8ddf6e41-4bf1-441c-9c81-3e08e5867acc,Louisiana Lafayette Ragin' Cajuns,b7037d9a-a25b-4795-ad3d-4b727ff02ef4,b7037d9a-a25b-4795-ad3d-4b727ff02ef4,Central Michigan Chippewas,795c5ca1-aea8-49a1-8651-16b729306919,795c5ca1-aea8-49a1-8651-16b729306919
9d41f7fd-428b-4a42-b431-c578bfc8c5c4,George Mason Patriots,dce0f9e2-e86f-45ca-b39f-320a58ebafff,dce0f9e2-e86f-45ca-b39f-320a58ebafff,Saint Joseph's Hawks,05d6daa9-4df0-4d49-a2ed-6152e42ccd27,05d6daa9-4df0-4d49-a2ed-6152e42ccd27
a10310f3-c4fb-481b-a1f2-ab441c501079,Morgan State Bears,6b7933d4-84a3-49ee-a7de-bb245ca96cab,6b7933d4-84a3-49ee-a7de-bb245ca96cab,Maryland Eastern Shore Hawks,4e6d3a4b-2c04-4bbe-859b-f7d3be59edcd,4e6d3a4b-2c04-4bbe-859b-f7d3be59edcd
bb5e309d-814f-429e-883d-a1a82431e102,Cal State Northridge Matadors,6cfb7635-d491-42c5-b856-544ea7795fa8,6cfb7635-d491-42c5-b856-544ea7795fa8,Cal Riverside Highlanders,f7811e10-b374-4184-a63a-2c865ccef494,f7811e10-b374-4184-a63a-2c865ccef494
bfae8f1d-9f8e-40fb-8a90-948c56a4dc55,Long Island Sharks,bc83c11b-e333-42cb-b042-9092b477b7d5,bc83c11b-e333-42cb-b042-9092b477b7d5,Stonehill Skyhawks,5f631d98-c7c2-11ec-9042-f28aa67e38fb,5f631d98-c7c2-11ec-9042-f28aa67e38fb
d58bd99d-d8a8-46da-a974-3a7e69d99392,Auburn Tigers,634f883b-3184-4ffc-be07-af75eca6efb1,634f883b-3184-4ffc-be07-af75eca6efb1,Alabama Crimson Tide,acf559d3-268c-4b2a-b6d4-4b92fa88ad83,acf559d3-268c-4b2a-b6d4-4b92fa88ad83
df9d5363-cec0-4ac2-b103-16e1a0ece1f7,Arkansas Little Rock Trojans,4d18dfce-4286-4560-a0aa-f17da60bc06b,4d18dfce-4286-4560-a0aa-f17da60bc06b,Southern Illinois Edwardsville Cougars,b23e9789-5c91-423a-8748-0f7745ca7ddf,b23e9789-5c91-423a-8748-0f7745ca7ddf
e1df16fd-c4bc-4555-a24c-8125751dd1da,South Alabama Jaguars,12dd6e43-2cd9-4e3d-a6a0-c75dad82545a,12dd6e43-2cd9-4e3d-a6a0-c75dad82545a,Buffalo Bulls,0e7e5f4b-b981-4ca9-b0d9-e67cdd4b323c,0e7e5f4b-b981-4ca9-b0d9-e67cdd4b323c
e24ad97d-adbe-40fa-adef-f629374a4d4e,Notre Dame Fighting Irish,74fbf7cd-9d46-414a-b447-c79fc21657a7,74fbf7cd-9d46-414a-b447-c79fc21657a7,Florida State Seminoles,8fac84c9-a29a-4e50-93c6-e68a142af638,8fac84c9-a29a-4e50-93c6-e68a142af638
edbb1e9f-6a54-47fe-99bf-c92ce31e02f0,New Jersey Tech Highlanders,74c2eac4-34be-4caa-9bd6-efe587e52fd5,74c2eac4-34be-4caa-9bd6-efe587e52fd5,Binghamton Bearcats,45cc5076-79f3-49be-b2cd-9327b9f6a76f,45cc5076-79f3-49be-b2cd-9327b9f6a76f
f9ce03ff-a493-4ccb-9ccf-867b653bd045,Providence Friars,751876f4-04ac-4d98-b269-888328fa1bcf,751876f4-04ac-4d98-b269-888328fa1bcf,DePaul Blue Demons,5baaf6cd-318d-42c1-97f3-5334e62faa02,5baaf6cd-318d-42c1-97f3-5334e62faa02
f9f6dd48-4ecd-471b-a226-2e7bd1d8b058,Arizona Wildcats,565a8581-4cb4-492d-8a6a-8b4628d1e6b5,565a8581-4cb4-492d-8a6a-8b4628d1e6b5,Oklahoma State Cowboys,3a90ba44-4d42-49aa-a30e-b5f45321d611,3a90ba44-4d42-49aa-a30e-b5f45321d611
1be3c10d-30d7-49a5-84a6-25029293fc10,Howard Bison,239b5289-af83-48c5-a124-a338c0cc2309,239b5289-af83-48c5-a124-a338c0cc2309,South Carolina State Bulldogs,c2894bb8-e929-4efb-9d82-6335d40df709,c2894bb8-e929-4efb-9d82-6335d40df709
1d5c8135-7a52-40f3-aecf-eb4266ce69fe,Youngstown State Penguins,fc8badcf-5282-4663-b00f-32c75a65d575,fc8badcf-5282-4663-b00f-32c75a65d575,Robert Morris Colonials,39a771c7-8580-462c-8382-5c459da50b9b,39a771c7-8580-462c-8382-5c459da50b9b
2e8ec261-6151-455b-8be3-f26f69ac9b5a,Coppin State Eagles,e2fc2093-5c97-426b-8243-d46e476855a2,e2fc2093-5c97-426b-8243-d46e476855a2,Delaware State Hornets,2a29d75f-8760-4132-864b-758236b273c5,2a29d75f-8760-4132-864b-758236b273c5
396cb15c-9e71-46d9-b178-2e3cab9fbc06,UNLV Rebels,4752584a-9083-4029-b3cb-c6f6ed6ead44,4752584a-9083-4029-b3cb-c6f6ed6ead44,Grand Canyon Antelopes,2360813a-0274-4f48-8333-7a7563a77efe,2360813a-0274-4f48-8333-7a7563a77efe
7be0022a-44d2-4cfb-aa76-bf435bd6a3bd,Norfolk State Spartans,99e3821b-5d4a-48e8-835c-439510ba1f9c,99e3821b-5d4a-48e8-835c-439510ba1f9c,North Carolina Central Eagles,aa1fd907-3583-4f82-b1e1-a570f291b099,aa1fd907-3583-4f82-b1e1-a570f291b099
a97ec0f4-2c07-4fd7-be4b-e3f441ebca3b,Tennessee State Tigers,f5579e45-18a9-4341-afde-753fb54c638c,f5579e45-18a9-4341-afde-753fb54c638c,Western Illinois Leathernecks,892e44e9-e481-4b35-895d-d36a8ee057b9,892e44e9-e481-4b35-895d-d36a8ee057b9
f1ee93b6-fc6e-4899-ab5c-5d1be2b44327,Southeastern Louisiana Lions,286444a6-ae55-4e6d-97fd-9747945b4c1f,286444a6-ae55-4e6d-97fd-9747945b4c1f,Houston Christian Huskies,6b6cfef4-4c8f-47a0-bd68-e1318c60a8da,6b6cfef4-4c8f-47a0-bd68-e1318c60a8da
920d6fcd-aa35-4b61-9a37-ecbe0bf3be22,Southeast Missouri State Redhawks,d13a704b-8ae5-47bd-bee5-28e4a3e39b48,d13a704b-8ae5-47bd-bee5-28e4a3e39b48,Southern Indiana Screaming Eagles,b67056bf-7590-4263-acec-2b738eb772cc,b67056bf-7590-4263-acec-2b738eb772cc
08f5a05d-3cfd-4973-b650-b2dc0a8a54c7,Grambling State Tigers,49a67767-418b-4729-9ad6-0a47fa0ba9d4,49a67767-418b-4729-9ad6-0a47fa0ba9d4,Alabama State Hornets,35d7f0bd-2206-4458-8a53-2d97cdfcba34,35d7f0bd-2206-4458-8a53-2d97cdfcba34
0f2b5d4a-22ec-4700-8a3d-6a566ac6c81a,Northern Kentucky Norse,bcae8032-f536-4605-bb3e-c0204e61c005,bcae8032-f536-4605-bb3e-c0204e61c005,Milwaukee Panthers,27a8323b-62e5-4dcc-a8a9-71e02d42b8c3,27a8323b-62e5-4dcc-a8a9-71e02d42b8c3
124aef79-6645-4cb6-a84c-acad6b44ceec,Bucknell Bison,89cc34b0-d314-4c2e-8e3f-5862862df953,89cc34b0-d314-4c2e-8e3f-5862862df953,Colgate Raiders,6f406b4c-ce03-4269-8e66-a194717af45d,6f406b4c-ce03-4269-8e66-a194717af45d
293c2c9b-7b4a-4950-9cdd-b731f80f49f6,Cal Davis Aggies,33b700aa-ccb2-45b8-af9a-8d6a749035b4,33b700aa-ccb2-45b8-af9a-8d6a749035b4,California Polytechnic Mustangs,63a9e0c4-a0f4-4034-889c-0c76cde6b17b,63a9e0c4-a0f4-4034-889c-0c76cde6b17b
3052e6ab-3205-4724-a549-452d4fc2e09f,Dartmouth Big Green,29555248-ba57-4a1c-9bdf-9807dee669b0,29555248-ba57-4a1c-9bdf-9807dee669b0,Harvard Crimson,fea3af98-6c2a-4666-a2da-04a4921232ac,fea3af98-6c2a-4666-a2da-04a4921232ac
d69bd81e-a55b-4ec1-8994-b2b411e1a49c,McNeese State Cowboys,6dba0d9e-7f0f-4d92-8816-c755da5cf010,6dba0d9e-7f0f-4d92-8816-c755da5cf010,Incarnate Word Cardinals,449b5636-bcd2-4059-942b-736c7ccfb287,449b5636-bcd2-4059-942b-736c7ccfb287
d85e0cb6-8405-4fc7-bca9-b800fb4fed51,Austin Peay State Governors,eeb14391-7aee-47d9-9773-8278b6fdee8d,eeb14391-7aee-47d9-9773-8278b6fdee8d,North Alabama Lions,d5b0e7ec-b927-44e1-ad53-4b763ba3d73e,d5b0e7ec-b927-44e1-ad53-4b763ba3d73e
df9fa85b-a95c-49ef-b405-34111b3e5002,Eastern Kentucky Colonels,8a4bfa9c-aadf-44fd-b995-4f9bd4671cdb,8a4bfa9c-aadf-44fd-b995-4f9bd4671cdb,Stetson Hatters,555e83c6-3d15-4f22-ad8b-4b1ab9107fd4,555e83c6-3d15-4f22-ad8b-4b1ab9107fd4
fa24b4cb-15ac-4400-979f-842e81edb517,Lipscomb Bisons,d565d60c-f6cc-4ee6-8132-dce67920587b,d565d60c-f6cc-4ee6-8132-dce67920587b,Central Arkansas Bears,24697232-a451-4b52-987d-a2454c42cc97,24697232-a451-4b52-987d-a2454c42cc97
ff0b8b58-f1a9-466d-8932-a2eb8e090b30,Bethune Cookman Wildcats,7db19dd3-602c-4eb1-8b54-0f33c9570c49,7db19dd3-602c-4eb1-8b54-0f33c9570c49,Prairie View A&M Panthers,16e8c885-d800-4790-a705-3cd7abfb829d,16e8c885-d800-4790-a705-3cd7abfb829d
0c31e141-bc7f-49ab-b42b-0b7b0e0f462c,Oregon State Beavers,58e0af21-17da-4e45-be50-f3dcda09416f,58e0af21-17da-4e45-be50-f3dcda09416f,Gonzaga Bulldogs,9fd670ca-a1c5-45a8-a8dd-f05ec512e14d,9fd670ca-a1c5-45a8-a8dd-f05ec512e14d
0d7beaeb-3874-4e61-9cdf-df23e1d69484,Samford Bulldogs,a305447b-a11d-4f2d-96ef-fca172940094,a305447b-a11d-4f2d-96ef-fca172940094,Mercer Bears,3e9920c4-b26c-4c69-8c93-ca5cea38b048,3e9920c4-b26c-4c69-8c93-ca5cea38b048
1ae903bb-5157-4ef2-b070-69097b172132,Washington State Cougars,9eab08c6-8e63-481d-b380-5fe27111e962,9eab08c6-8e63-481d-b380-5fe27111e962,Santa Clara Broncos,0a1fcc9a-3708-4f87-a0ca-a68cb5a9a3dc,0a1fcc9a-3708-4f87-a0ca-a68cb5a9a3dc
2628c3bc-33fd-4939-966d-ce103e71a18c,Mississippi Valley State Delta Devils,eecd035e-09c0-42a9-a061-710d1a151a8c,eecd035e-09c0-42a9-a061-710d1a151a8c,Jackson State Tigers,6064245b-642b-4e30-a14c-d8ba5d19fcef,6064245b-642b-4e30-a14c-d8ba5d19fcef
33b445ff-5ef7-4667-9385-04fac8ede333,New Orleans Privateers,a38297dd-8364-4c47-96f5-114637d0cf08,a38297dd-8364-4c47-96f5-114637d0cf08,UT Rio Grande Valley Vaqueros,3474ce84-c5f4-4992-bded-9cec9be741cc,3474ce84-c5f4-4992-bded-9cec9be741cc
3f32b711-b2e6-4105-87bc-78568fe4cd4c,Stephen F. Austin Lumberjacks,d154206b-3326-4808-828e-732c8a6645e7,d154206b-3326-4808-828e-732c8a6645e7,Lamar Cardinals,10f1e001-0314-4d09-85cd-ea5605deeb5c,10f1e001-0314-4d09-85cd-ea5605deeb5c
44f80b9c-4cf0-427d-93e9-12fa239641ad,Montana Grizzlies,d8df8e79-7481-4412-bc31-bb8f3f5052f9,d8df8e79-7481-4412-bc31-bb8f3f5052f9,Idaho Vandals,f56f8c37-2244-42ff-b59c-b9a1a8f5097f,f56f8c37-2244-42ff-b59c-b9a1a8f5097f
7fa166c9-bda0-4ac5-971b-82c43a9ea227,South Dakota State Jackrabbits,21c597da-276b-428d-b631-20158997aee3,21c597da-276b-428d-b631-20158997aee3,South Dakota Coyotes,446d5b03-b735-4ac0-84e1-8b3b27355c31,446d5b03-b735-4ac0-84e1-8b3b27355c31
804f158f-9be3-43c9-b077-53a4f0e4e48b,Idaho State Bengals,86d9da02-0503-4e60-a92e-e92baf19f254,86d9da02-0503-4e60-a92e-e92baf19f254,Northern Colorado Bears,90275dcd-19dc-4ba9-bf2e-5e58ffb3a285,90275dcd-19dc-4ba9-bf2e-5e58ffb3a285
9003a3b7-ee4e-4119-92c6-4ff2e02f3218,Creighton Bluejays,1d9da374-916a-4a54-9034-fccf2c458903,1d9da374-916a-4a54-9034-fccf2c458903,Seton Hall Pirates,599cdda8-8ccb-4858-bda2-f1f58e8a8ada,599cdda8-8ccb-4858-bda2-f1f58e8a8ada
937f99b4-c9e3-4ac3-88e2-4dae1afaa1a3,East Texas A&M Lions,26d7f64a-5d99-4c74-8af7-82f76b302e2f,26d7f64a-5d99-4c74-8af7-82f76b302e2f,Northwestern State Demons,8117ec5e-3a7f-4790-9f52-75c18b125c03,8117ec5e-3a7f-4790-9f52-75c18b125c03
93d3e997-6cc2-4d78-b33a-477c8b92c36a,LSU Tigers,c2e73529-e8f7-4d76-999e-efca243044e8,c2e73529-e8f7-4d76-999e-efca243044e8,Georgia Bulldogs,564c9310-ddd6-47c0-9119-2d01355014b4,564c9310-ddd6-47c0-9119-2d01355014b4
a46a2592-793f-4310-833f-bb3bfcdbef70,Southern Jaguars,0bcf4059-16ff-4e8f-a329-92a997136ee6,0bcf4059-16ff-4e8f-a329-92a997136ee6,Alabama A&M Bulldogs,356c2f07-f04f-4bfb-8538-799b557cf778,356c2f07-f04f-4bfb-8538-799b557cf778
a6a132f3-e12b-4431-a471-2d972b52e8bc,Florida A&M Rattlers,fc61843f-5457-4653-8226-486f88efdee5,fc61843f-5457-4653-8226-486f88efdee5,Texas Southern Tigers,dedab3a6-f267-443b-a695-e1824a836ac9,dedab3a6-f267-443b-a695-e1824a836ac9
c190be2e-284b-4224-94b4-049a1442f2d9,Troy Trojans,761c23ac-7268-4a47-a0f3-155058639e4c,761c23ac-7268-4a47-a0f3-155058639e4c,Akron Zips,bdec9a9f-16da-4cdd-9e55-e2e902b8c809,bdec9a9f-16da-4cdd-9e55-e2e902b8c809
1d42a557-0391-4d02-bbee-42b41d49c167,Arkansas Pine Bluff Golden Lions,f110bf0c-6e08-4d1c-bc00-1b2a0b2e0987,f110bf0c-6e08-4d1c-bc00-1b2a0b2e0987,Alcorn State Braves,21a92b6f-f08a-4c71-9ae8-b9ef50220288,21a92b6f-f08a-4c71-9ae8-b9ef50220288
391f6ac6-8c8e-44a1-8e90-3cafa3985fb8,North Carolina Tar Heels,01858fe0-3918-4bfc-ace3-cd9834abad39,01858fe0-3918-4bfc-ace3-cd9834abad39,Duke Blue Devils,9305de30-cd95-45c1-942a-6c9ff616cb62,9305de30-cd95-45c1-942a-6c9ff616cb62
058cda97-47e2-4a87-9a97-267e96505f54,Rider Broncs,5f78ff67-9d45-41a2-94d6-bcf065bb16b9,5f78ff67-9d45-41a2-94d6-bcf065bb16b9,Merrimack Warriors,d8dff608-533d-4e3a-865f-5af5d1ce38ad,d8dff608-533d-4e3a-865f-5af5d1ce38ad
23f5721c-01c6-4ad1-994f-938d03b2a9e0,Old Dominion Monarchs,7bc4df4d-5356-48e2-9641-1c1be1007e2b,7bc4df4d-5356-48e2-9641-1c1be1007e2b,Ohio Bobcats,9447ed23-6d67-409c-82b7-67706bf4bb70,9447ed23-6d67-409c-82b7-67706bf4bb70
454daf25-1403-40cd-a6f6-b3f8807dfc50,Cal State Fullerton Titans,9b45ce86-bb1d-4818-a599-dd97ca8def50,9b45ce86-bb1d-4818-a599-dd97ca8def50,Cal State Bakersfield Roadrunners,7a93c8b0-fc80-4d7f-a1e2-c03655e8ced8,7a93c8b0-fc80-4d7f-a1e2-c03655e8ced8
5346da3b-a0d4-4125-bb56-d47c3239057e,Fairfield Stags,21e8bc8e-8a67-4250-a62b-d752c97a90b2,21e8bc8e-8a67-4250-a62b-d752c97a90b2,Marist Red Foxes,d4f2f73b-f482-48be-9f73-b95f7602fcc8,d4f2f73b-f482-48be-9f73-b95f7602fcc8
60379269-94e7-49d7-a9ff-160005d513a0,Iona Gaels,311dc709-284a-468d-bb74-6386954f892f,311dc709-284a-468d-bb74-6386954f892f,Mount St. Mary's Mountaineers,86eb9881-4553-43b3-9993-863910db5335,86eb9881-4553-43b3-9993-863910db5335
61e8ad16-b48b-4d11-9aa2-3e040cbc57b1,Wright State Raiders,ef64548a-b8ec-400f-a415-aab746b760a0,ef64548a-b8ec-400f-a415-aab746b760a0,Indiana Purdue Fort Wayne Mastodons,64cfe19d-2113-48ce-8666-40a79aa80bd2,64cfe19d-2113-48ce-8666-40a79aa80bd2
9541586b-c765-46a5-b7f8-4678939458ba,Albany Great Danes,1ec3f10d-9709-4907-8940-0bab54d22dfe,1ec3f10d-9709-4907-8940-0bab54d22dfe,UMass Lowell River Hawks,651b2e5d-4b85-46f3-9e2a-1f5248658ba6,651b2e5d-4b85-46f3-9e2a-1f5248658ba6
ff57a45e-5cfb-4f78-bfcc-c01230955489,High Point Panthers,13bcf02c-804a-4ac5-b387-97b7c25ed4dc,13bcf02c-804a-4ac5-b387-97b7c25ed4dc,Radford Highlanders,0a2f972b-9dc5-4065-823f-de7a3c07bc86,0a2f972b-9dc5-4065-823f-de7a3c07bc86
1f0c09cd-47ae-4d58-93f4-e4198daee77c,Pepperdine Waves,e0ce1e3d-c693-4107-8970-13cf7d5af428,e0ce1e3d-c693-4107-8970-13cf7d5af428,Pacific Tigers,049c986e-9de9-456f-ae98-d0a1750f0a61,049c986e-9de9-456f-ae98-d0a1750f0a61
1fe30efd-51bd-4584-a289-cc5492fba6dc,California Berkeley Golden Bears,2d1a46ff-c7aa-4ba2-ab3d-900b2aa03baa,2d1a46ff-c7aa-4ba2-ab3d-900b2aa03baa,Clemson Tigers,8e514bb5-3d92-4b9b-b2fb-66930f87f658,8e514bb5-3d92-4b9b-b2fb-66930f87f658
54e2a54d-21bb-446d-a567-ad3dca472173,Air Force Falcons,31dabd6b-1791-4c56-8d56-523756c0047c,31dabd6b-1791-4c56-8d56-523756c0047c,San Diego State Aztecs,c7693866-e3c3-410f-a806-cb10c1c4ac11,c7693866-e3c3-410f-a806-cb10c1c4ac11
672d44d9-5df5-41c9-b019-453c1c331d29,Montana State Fighting Bobcats,32c7fc6f-ad44-4035-95d9-593b96df8d2b,32c7fc6f-ad44-4035-95d9-593b96df8d2b,Eastern Washington Eagles,c83c2869-51c7-4847-99e1-29689ec90575,c83c2869-51c7-4847-99e1-29689ec90575
6858f0c5-2844-4a0a-a3d9-09673458a76c,Michigan State Spartans,575f4d2f-6e7a-4fac-9dc6-7143738b4403,575f4d2f-6e7a-4fac-9dc6-7143738b4403,Illinois Fighting Illini,1dcc94b4-68ac-4a09-a4a7-869fc59c6250,1dcc94b4-68ac-4a09-a4a7-869fc59c6250
6d92057f-63c2-4ad4-88e0-bc5fd2fdd233,St. Thomas Minnesota Tommies,e8209536-769d-4c52-8c3d-6f3fd379e1c5,e8209536-769d-4c52-8c3d-6f3fd379e1c5,Oral Roberts Golden Eagles,bf1cbf8f-ceff-4027-b7cc-2cf1946a5f98,bf1cbf8f-ceff-4027-b7cc-2cf1946a5f98
7909213e-beae-43ea-90e1-266ea54c389c,Stanford Cardinal,23f8e392-70bf-4be9-a893-0ded14cea9ce,23f8e392-70bf-4be9-a893-0ded14cea9ce,Georgia Tech Yellow Jackets,58d5f7a7-cb50-4c9a-8775-5665b6d79141,58d5f7a7-cb50-4c9a-8775-5665b6d79141
961d74ee-db53-4e14-a700-27b915e161d4,California Baptist Lancers Women,12935dbb-0e10-4dc3-9f94-9f7275a8fbe3,12935dbb-0e10-4dc3-9f94-9f7275a8fbe3,Abilene Christian Wildcats,936981f2-e9dd-4441-85ff-c160558d77ea,936981f2-e9dd-4441-85ff-c160558d77ea
a3774220-644e-4eee-9940-39313eec8593,Jacksonville State Gamecocks,211dc98a-d2d5-4efc-b7fd-491b5a3dd958,211dc98a-d2d5-4efc-b7fd-491b5a3dd958,Kennesaw State Owls,6c970d8e-4a5f-41e5-872c-f6d27d9f0434,6c970d8e-4a5f-41e5-872c-f6d27d9f0434
d5b9d756-c883-491e-ab8c-b8c4e2d2b1cc,Wyoming Cowboys,78571399-969c-4c71-b359-b0906bf42093,78571399-969c-4c71-b359-b0906bf42093,Utah State Aggies,2fd4e8af-aa1c-4196-8f8e-f77376dbac11,2fd4e8af-aa1c-4196-8f8e-f77376dbac11
d909cd8d-f5dc-4446-a3f4-6ec17130af9f,Portland Pilots,96f3cd6f-96d0-4f0c-8da9-82d80b2cefd1,96f3cd6f-96d0-4f0c-8da9-82d80b2cefd1,Seattle Redhawks,8d1b7d41-a3ea-42b9-983c-b3d52e319397,8d1b7d41-a3ea-42b9-983c-b3d52e319397
6d96e5cb-abdd-486b-8c64-b33c6086c446,Texas A&M Aggies,4d189c2b-5b9d-48eb-ac9d-0cbe65e2e056,4d189c2b-5b9d-48eb-ac9d-0cbe65e2e056,Florida Gators,f0905ce1-7146-4f24-b705-4f1d41f4dc33,f0905ce1-7146-4f24-b705-4f1d41f4dc33
9e228136-e6a7-4b93-9e95-3b7d26e1ce3a,Southern Utah Thunderbirds,8e4cb61a-0458-42e7-b628-079118b30f87,8e4cb61a-0458-42e7-b628-079118b30f87,Tarleton State Texans,a025ab24-6781-4f37-8bb3-4d2b24d331dd,a025ab24-6781-4f37-8bb3-4d2b24d331dd
bd1afa0f-daae-4f56-b041-2316db702871,Kentucky Wildcats,be372d64-2bcd-4070-ac32-44f50fba745c,be372d64-2bcd-4070-ac32-44f50fba745c,Tennessee Volunteers,5c3db449-a49c-4962-9120-1db234f5871f,5c3db449-a49c-4962-9120-1db234f5871f
9fd8f296-ee23-4c3a-b0c6-25378a8c6b64,Loyola Marymount Lions,2b5ad9ad-f517-4639-b84c-b2a620d2190f,2b5ad9ad-f517-4639-b84c-b2a620d2190f,San Diego Toreros,a21bdd2f-84d7-4b32-96fe-8a10d9ebec89,a21bdd2f-84d7-4b32-96fe-8a10d9ebec89
d7f27b2c-1707-40e2-907d-81cfaae84eb2,UTEP Miners,47825664-2529-4075-a31c-f3d29363ebf0,47825664-2529-4075-a31c-f3d29363ebf0,New Mexico State Aggies,eb096731-b40a-4a72-bc15-438bfe8e897f,eb096731-b40a-4a72-bc15-438bfe8e897f
de40f507-e870-479a-88a4-35110bbd104c,Weber State Wildcats,b2707d18-6139-4022-bb88-43a82bf01905,b2707d18-6139-4022-bb88-43a82bf01905,Northern Arizona Lumberjacks,aa516e6e-9732-4307-8e1b-7a684d410edf,aa516e6e-9732-4307-8e1b-7a684d410edf
e48e4684-9ef6-484f-ab8c-afa05e905d5a,Colorado State Rams,57eb6932-7fb3-4844-9d3c-a0285dc33fdc,57eb6932-7fb3-4844-9d3c-a0285dc33fdc,San Jose State Spartans,89cf33cf-8a57-4f4e-8ab8-6f9ddd00312e,89cf33cf-8a57-4f4e-8ab8-6f9ddd00312e
d7676e6d-27ca-4f70-a213-609abbf54a80,Colorado Buffaloes,3d2996b8-6d51-4278-9ffb-56ac58ee37a4,3d2996b8-6d51-4278-9ffb-56ac58ee37a4,Arizona State Sun Devils,a0992269-0ccc-4e33-bf13-8195034a3243,a0992269-0ccc-4e33-bf13-8195034a3243
186a6b5d-90a0-4e36-ae4e-363deb3457c4,UCLA Bruins,b7cb4cbd-02d5-4547-a36d-c80fd5572056,b7cb4cbd-02d5-4547-a36d-c80fd5572056,Washington Huskies,35c14b48-992f-431d-ba54-a78e20f55fd4,35c14b48-992f-431d-ba54-a78e20f55fd4
39fa9efb-be1e-4ad0-a714-d3fb2c9de5c9,Nevada Reno Wolfpack,a1e2ee65-8a41-4f18-a91c-55d224534e64,a1e2ee65-8a41-4f18-a91c-55d224534e64,Fresno State Bulldogs,e1681281-f576-4dd4-9d13-8ed9836bf2bb,e1681281-f576-4dd4-9d13-8ed9836bf2bb
7f9b6ff6-ea50-4369-87cd-7ec497e7398b,New Mexico Lobos,fceebafd-38cd-492f-bbc6-1776bae8d182,fceebafd-38cd-492f-bbc6-1776bae8d182,Boise State Broncos,9c0161bd-55b6-4b36-ac1c-fce6d3bd83fb,9c0161bd-55b6-4b36-ac1c-fce6d3bd83fb
b7e9ffc7-b1aa-4a83-9e72-fb579fe1bbbf,Sacramento State Hornets,92a5e7ee-1d0f-40c7-bf0b-0b84f39e2b0d,92a5e7ee-1d0f-40c7-bf0b-0b84f39e2b0d,Portland State Vikings,cf92bb54-a877-4557-b519-e5302f257eeb,cf92bb54-a877-4557-b519-e5302f257eeb
d5293374-1c24-4931-ba57-0d84efa0cff8,Cal Santa Barbara Gauchos,71e774d5-a0e8-41b6-ad58-2fcbab2957fc,71e774d5-a0e8-41b6-ad58-2fcbab2957fc,Cal Irvine Anteaters,75a97083-3b4c-4116-a013-5f789a1190b6,75a97083-3b4c-4116-a013-5f789a1190b6
6802ab0f-99f5-418d-8350-0334f99cad28,Brigham Young Cougars,d3e8d847-e9c1-4594-93b8-5ef3c0020622,d3e8d847-e9c1-4594-93b8-5ef3c0020622,Houston Cougars,bd92b79d-46a5-4514-8424-c6412bddfe23,bd92b79d-46a5-4514-8424-c6412bddfe23
4970d2aa-8fc7-4eac-9d55-52a4b6c1d4fb,Saint Mary's Gaels,7d0f9c09-c189-4875-a0b7-cce11f56eb88,7d0f9c09-c189-4875-a0b7-cce11f56eb88,San Francisco Dons,8fbd11ac-1dfe-45d7-b2b4-539bd67036d8,8fbd11ac-1dfe-45d7-b2b4-539bd67036d8
1cfd19c6-6e76-4691-a1a1-935519a097a4,Hawaii Rainbow Warriors,7d856c8f-5dcc-4533-acc7-3a0698d8b84c,7d856c8f-5dcc-4533-acc7-3a0698d8b84c,UC San Diego Tritons,3d2137c1-0fee-4306-b945-7cae9e6875a9,3d2137c1-0fee-4306-b945-7cae9e6875a9
81675c88-4ca8-46db-b698-140dfa4dce58,South Florida Bulls,d3ac124f-a61d-4359-b105-a47ab13761df,d3ac124f-a61d-4359-b105-a47ab13761df,Tulsa Golden Hurricane,fbfe6ad5-e414-45cd-83a8-99b305e121fe,fbfe6ad5-e414-45cd-83a8-99b305e121fe
973d1fd8-080d-4a5b-b3e5-eeb136797d67,Penn State Nittany Lions,fac2ef41-62a9-43b2-8d65-4e9b6ce4bcda,fac2ef41-62a9-43b2-8d65-4e9b6ce4bcda,USC Trojans,b0996cd6-3f62-4a8f-898c-5c8c157ee971,b0996cd6-3f62-4a8f-898c-5c8c157ee971
0b0bd900-c989-4de0-83fa-ef28f8106a19,Furman Paladins,a1c61369-3d86-4348-b582-b8418f0624c7,a1c61369-3d86-4348-b582-b8418f0624c7,North Carolina Greensboro Spartans,fc1ac78e-89a2-43e2-92f9-69593e1768f2,fc1ac78e-89a2-43e2-92f9-69593e1768f2
90e5ab1c-2482-4329-a226-7b7224ea5d81,West Virginia Mountaineers,3a3c55a0-e1f0-4cb7-a0a1-e0c625ab84c3,3a3c55a0-e1f0-4cb7-a0a1-e0c625ab84c3,Texas Tech Red Raiders,dcb97feb-99cb-4150-9b67-82c4c235fa1d,dcb97feb-99cb-4150-9b67-82c4c235fa1d
aa25cdd5-3b52-47b5-b357-9c9cf3797944,Ohio State Buckeyes,46e5938d-9e0d-4628-9030-fec405173f62,46e5938d-9e0d-4628-9030-fec405173f62,Michigan Wolverines,af7387d1-3ce5-4221-9797-8c3ee304d9d6,af7387d1-3ce5-4221-9797-8c3ee304d9d6
28060087-596a-4d8b-ab78-5af1d899fcf0,Tulane Green Wave,e1c96eeb-7584-4f75-94dc-9014089c59e3,e1c96eeb-7584-4f75-94dc-9014089c59e3,Wichita State Shockers,952caeed-750f-4175-9f0e-e52799415309,952caeed-750f-4175-9f0e-e52799415309
784843b8-2ed8-4e96-a9e4-5c16d7b6b401,Minnesota Golden Gophers,fda0805a-1fd7-466a-8c0c-6215dcc0fb3a,fda0805a-1fd7-466a-8c0c-6215dcc0fb3a,Maryland Terrapins,9c9671b0-ba41-45cb-9e8b-9f999ab0d97e,9c9671b0-ba41-45cb-9e8b-9f999ab0d97e
b59eb761-5f88-4a63-8d76-e709bc144771,Memphis Tigers,b8031552-c487-4d5f-9a17-4bd8f5a11239,b8031552-c487-4d5f-9a17-4bd8f5a11239,Charlotte 49ers,ecd5558d-9975-4abc-bacd-d185d6db5fe6,ecd5558d-9975-4abc-bacd-d185d6db5fe6
f820c95b-da62-444a-a00e-ca787afd3616,Cincinnati Bearcats,716de1b5-f77a-4e64-81f7-862794a6a58c,716de1b5-f77a-4e64-81f7-862794a6a58c,UCF Knights,71a7c27d-79f4-4c63-9b28-3d9c359feed0,71a7c27d-79f4-4c63-9b28-3d9c359feed0
43710b56-38b5-4dbd-b2b3-e234aaf678dc,Alabama Birmingham Blazers,539c2f06-9114-4683-8880-785ee95ef800,539c2f06-9114-4683-8880-785ee95ef800,Rice Owls,ba97c4c2-6669-458e-8bb9-a683fc007b4f,ba97c4c2-6669-458e-8bb9-a683fc007b4f
5001c7c6-b53d-4b77-843b-043fe06585ff,Iowa Hawkeyes,ffd88ead-d4fa-44b7-ad99-f73ca2e9121f,ffd88ead-d4fa-44b7-ad99-f73ca2e9121f,Northwestern Wildcats,98321eb6-2bb9-4134-8a4b-946f619f0a1b,98321eb6-2bb9-4134-8a4b-946f619f0a1b
077cdeab-34cb-40de-8d32-3ba52db0d8d2,Chicago State Cougars,9dc1307f-e5fd-4a01-a9d0-8347229ef65b,9dc1307f-e5fd-4a01-a9d0-8347229ef65b,Saint Francis Red Flash,5893b945-8c1f-4d18-912a-71f863d59867,5893b945-8c1f-4d18-912a-71f863d59867
64ae0a74-d595-4cf7-b1b3-44f237f0cda6,Bucknell Bison,89cc34b0-d314-4c2e-8e3f-5862862df953,89cc34b0-d314-4c2e-8e3f-5862862df953,Navy Midshipmen,d014d4d8-959d-417a-89a3-07d61b577bf9,d014d4d8-959d-417a-89a3-07d61b577bf9
4f01cb49-9a44-4aa6-bfd1-5449c804dfdc,St. John's Red Storm,f93e4f4e-2a8d-48a8-9779-0fb6c54d31bc,f93e4f4e-2a8d-48a8-9779-0fb6c54d31bc,Xavier Musketeers,540b9d26-a230-4e98-a2af-5dc624f726eb,540b9d26-a230-4e98-a2af-5dc624f726eb
d5ce80d2-d9ef-4bff-826d-fc0d20aa811e,Arkansas Pine Bluff Golden Lions,f110bf0c-6e08-4d1c-bc00-1b2a0b2e0987,f110bf0c-6e08-4d1c-bc00-1b2a0b2e0987,Jackson State Tigers,6064245b-642b-4e30-a14c-d8ba5d19fcef,6064245b-642b-4e30-a14c-d8ba5d19fcef
1b1780ca-f69f-4c68-b510-9cb0e0304463,North Alabama Lions,d5b0e7ec-b927-44e1-ad53-4b763ba3d73e,d5b0e7ec-b927-44e1-ad53-4b763ba3d73e,Central Arkansas Bears,24697232-a451-4b52-987d-a2454c42cc97,24697232-a451-4b52-987d-a2454c42cc97
1dcfe38c-7d73-4cd0-994e-249357ae5f00,Southeastern Louisiana Lions,286444a6-ae55-4e6d-97fd-9747945b4c1f,286444a6-ae55-4e6d-97fd-9747945b4c1f,Incarnate Word Cardinals,449b5636-bcd2-4059-942b-736c7ccfb287,449b5636-bcd2-4059-942b-736c7ccfb287
49c6397d-c807-497c-8f2c-b24a5af82900,Florida A&M Rattlers,fc61843f-5457-4653-8226-486f88efdee5,fc61843f-5457-4653-8226-486f88efdee5,Prairie View A&M Panthers,16e8c885-d800-4790-a705-3cd7abfb829d,16e8c885-d800-4790-a705-3cd7abfb829d
506c52ab-bd82-45bf-a733-456761df355f,Indiana State Sycamores,cf0e1104-3fe7-4567-abf8-81fb19a92309,cf0e1104-3fe7-4567-abf8-81fb19a92309,Southern Illinois Salukis,fa85a8b1-aa7a-4ba0-98a5-41dd16c999a6,fa85a8b1-aa7a-4ba0-98a5-41dd16c999a6
79e463fb-f508-4aa3-88eb-a6f5652f76c2,Lamar Cardinals,10f1e001-0314-4d09-85cd-ea5605deeb5c,10f1e001-0314-4d09-85cd-ea5605deeb5c,Northwestern State Demons,8117ec5e-3a7f-4790-9f52-75c18b125c03,8117ec5e-3a7f-4790-9f52-75c18b125c03
847a1a4c-4964-431c-9d4f-c79296bfb0bb,Bethune Cookman Wildcats,7db19dd3-602c-4eb1-8b54-0f33c9570c49,7db19dd3-602c-4eb1-8b54-0f33c9570c49,Texas Southern Tigers,dedab3a6-f267-443b-a695-e1824a836ac9,dedab3a6-f267-443b-a695-e1824a836ac9
af22343f-fb5e-448c-96c5-15405f34e132,Howard Bison,239b5289-af83-48c5-a124-a338c0cc2309,239b5289-af83-48c5-a124-a338c0cc2309,Yale Bulldogs,08e01cc4-a712-4f87-aeab-dec3bef76e64,08e01cc4-a712-4f87-aeab-dec3bef76e64
c3b049d2-01ac-4965-a9f4-1c0d8565f5bf,Louisville Cardinals,846d0599-4851-4f37-9fc8-54ac26178f5d,846d0599-4851-4f37-9fc8-54ac26178f5d,North Carolina State Wolfpack,01224fd8-48fd-4cf9-8a6f-080723d9a8f5,01224fd8-48fd-4cf9-8a6f-080723d9a8f5
09c69c20-56df-44e1-8a77-5911c17f09fd,McNeese State Cowboys,6dba0d9e-7f0f-4d92-8816-c755da5cf010,6dba0d9e-7f0f-4d92-8816-c755da5cf010,Houston Christian Huskies,6b6cfef4-4c8f-47a0-bd68-e1318c60a8da,6b6cfef4-4c8f-47a0-bd68-e1318c60a8da
0a2acb2f-44e6-475b-aba6-2374b98fb9cb,Grambling State Tigers,49a67767-418b-4729-9ad6-0a47fa0ba9d4,49a67767-418b-4729-9ad6-0a47fa0ba9d4,Alabama A&M Bulldogs,356c2f07-f04f-4bfb-8538-799b557cf778,356c2f07-f04f-4bfb-8538-799b557cf778
4ca0717e-5ead-491e-8aaf-80907f6722cd,Stephen F. Austin Lumberjacks,d154206b-3326-4808-828e-732c8a6645e7,d154206b-3326-4808-828e-732c8a6645e7,East Texas A&M Lions,26d7f64a-5d99-4c74-8af7-82f76b302e2f,26d7f64a-5d99-4c74-8af7-82f76b302e2f
689d9d0b-7dd3-4bab-9791-8289a9bdd11e,Drake Bulldogs,d95794bb-2bbb-474f-97c4-5b2e372aa09a,d95794bb-2bbb-474f-97c4-5b2e372aa09a,Valparaiso Beacons,6dbddb09-fcb1-43b8-818a-b547598f80e5,6dbddb09-fcb1-43b8-818a-b547598f80e5
8aaaad1e-b8b2-497c-94fa-462944373ccc,Nicholls State Colonels,75a9087d-1b0b-4f86-97eb-e4f4106cf447,75a9087d-1b0b-4f86-97eb-e4f4106cf447,UT Rio Grande Valley Vaqueros,3474ce84-c5f4-4992-bded-9cec9be741cc,3474ce84-c5f4-4992-bded-9cec9be741cc
465eb445-d492-4881-b88f-334675f2b69f,North Carolina Central Eagles,aa1fd907-3583-4f82-b1e1-a570f291b099,aa1fd907-3583-4f82-b1e1-a570f291b099,Delaware State Hornets,2a29d75f-8760-4132-864b-758236b273c5,2a29d75f-8760-4132-864b-758236b273c5
84f3f88b-7fa0-49ca-ab71-93ffdb80e91c,Evansville Purple Aces,8a09904a-dd6e-47c9-b526-d94c35319e14,8a09904a-dd6e-47c9-b526-d94c35319e14,Illinois State Redbirds,cd6ec2eb-8974-44d1-994d-aa32b084f256,cd6ec2eb-8974-44d1-994d-aa32b084f256
b271a2d7-d0ba-4a5d-ba89-f16b00ad82c7,New Orleans Privateers,a38297dd-8364-4c47-96f5-114637d0cf08,a38297dd-8364-4c47-96f5-114637d0cf08,Texas A&M Corpus Christi Islanders,2046fdff-d450-4d34-8457-b2f3775a6093,2046fdff-d450-4d34-8457-b2f3775a6093
d2ce012e-9f92-4c34-ab66-90bbfa488ecb,Mississippi Valley State Delta Devils,eecd035e-09c0-42a9-a061-710d1a151a8c,eecd035e-09c0-42a9-a061-710d1a151a8c,Alcorn State Braves,21a92b6f-f08a-4c71-9ae8-b9ef50220288,21a92b6f-f08a-4c71-9ae8-b9ef50220288
d89b6ee8-adb9-46a7-8089-19531986e5f7,Bradley Braves,577c2c80-d77f-4299-9ba6-8fdee7d0d973,577c2c80-d77f-4299-9ba6-8fdee7d0d973,Belmont Bruins,626e02cc-2d91-495d-935a-d655ccd63689,626e02cc-2d91-495d-935a-d655ccd63689
e1f04be5-041d-43b2-aaab-5bad2b1e62f3,Charleston Cougars,fe01e4bb-bdaa-4382-aaa3-c93c7efbfe63,fe01e4bb-bdaa-4382-aaa3-c93c7efbfe63,UNC Wilmington Seahawks,769bb3cf-6392-44fb-80cc-a329fb981b6b,769bb3cf-6392-44fb-80cc-a329fb981b6b
f62934a6-07d8-40a0-9fd6-031b9da15c58,Indiana Hoosiers,8e5a54c2-8fd9-4b3b-95c3-ccbca0d85804,8e5a54c2-8fd9-4b3b-95c3-ccbca0d85804,Oregon Ducks,53059973-cb88-47c4-8074-f1d12f0acb49,53059973-cb88-47c4-8074-f1d12f0acb49
e5bf8331-3e95-45c0-ac02-b2b9177c6d00,Kansas Jayhawks,28f50917-8525-459b-b193-0acfada0b41b,28f50917-8525-459b-b193-0acfada0b41b,Arizona Wildcats,565a8581-4cb4-492d-8a6a-8b4628d1e6b5,565a8581-4cb4-492d-8a6a-8b4628d1e6b5
ee1bae50-e3ac-47e5-b0a0-2a556c2b8eba,Southern Jaguars,0bcf4059-16ff-4e8f-a329-92a997136ee6,0bcf4059-16ff-4e8f-a329-92a997136ee6,Alabama State Hornets,35d7f0bd-2206-4458-8a53-2d97cdfcba34,35d7f0bd-2206-4458-8a53-2d97cdfcba34
847121f2-1b3a-40b0-ac7b-6f1c38877443,Murray State Racers,d2756054-54e8-41b6-88a1-b791bde9a8fd,d2756054-54e8-41b6-88a1-b791bde9a8fd,Northern Iowa Panthers,da5af77e-2de1-4f59-b1fd-933c97121a0e,da5af77e-2de1-4f59-b1fd-933c97121a0e
e892cca8-c209-4189-8b68-78350324f920,IU Indianapolis Jaguars,8797ec6f-4563-4c6a-9686-0ef31f9fbac5,8797ec6f-4563-4c6a-9686-0ef31f9fbac5,Milwaukee Panthers,27a8323b-62e5-4dcc-a8a9-71e02d42b8c3,27a8323b-62e5-4dcc-a8a9-71e02d42b8c3
00f16491-d46d-4b51-beb8-8245ca6c77d3,Richmond Spiders,51cd533d-945d-4fa9-8fb6-aadddee61758,51cd533d-945d-4fa9-8fb6-aadddee61758,George Mason Patriots,dce0f9e2-e86f-45ca-b39f-320a58ebafff,dce0f9e2-e86f-45ca-b39f-320a58ebafff
057801f5-694e-4e26-9622-5582719ed75c,Southern Methodist Mustangs,e672e9e8-f342-4935-a097-9d6639361199,e672e9e8-f342-4935-a097-9d6639361199,Notre Dame Fighting Irish,74fbf7cd-9d46-414a-b447-c79fc21657a7,74fbf7cd-9d46-414a-b447-c79fc21657a7
08b321c4-48d9-4457-b884-9f5003f60caf,Nebraska Cornhuskers,2fa8e1a8-b372-46b3-ad28-86ff5c325909,2fa8e1a8-b372-46b3-ad28-86ff5c325909,Purdue Boilermakers,6699975a-c6e9-43d0-96ba-35f73733a44e,6699975a-c6e9-43d0-96ba-35f73733a44e
4d21b71d-ca1d-4e14-9dcf-5442507a1a17,Miami Hurricanes,a860ee7b-596d-4dca-9b95-3082bef7c6b2,a860ee7b-596d-4dca-9b95-3082bef7c6b2,North Carolina Tar Heels,01858fe0-3918-4bfc-ace3-cd9834abad39,01858fe0-3918-4bfc-ace3-cd9834abad39
7f1b15a1-0023-426a-99a4-94f7d6c0a420,George Washington Revolutionaries,a1292433-bf11-45d1-8be3-d712a3b35af5,a1292433-bf11-45d1-8be3-d712a3b35af5,Rhode Island Rams,70a2a29b-b873-4f06-9bf5-51820c9daa7f,70a2a29b-b873-4f06-9bf5-51820c9daa7f
ac3aed61-e271-49d5-95ae-58935a999c7f,Baylor Bears,6d24d297-f1d3-43ee-a5ae-1214449f2f8a,6d24d297-f1d3-43ee-a5ae-1214449f2f8a,Brigham Young Cougars,d3e8d847-e9c1-4594-93b8-5ef3c0020622,d3e8d847-e9c1-4594-93b8-5ef3c0020622
c70f1d3f-8b22-4257-acc5-ebc77f9ffdb6,Saint Joseph's Hawks,05d6daa9-4df0-4d49-a2ed-6152e42ccd27,05d6daa9-4df0-4d49-a2ed-6152e42ccd27,Fordham Rams,587530f4-99f2-4909-82c0-f2b8f7360246,587530f4-99f2-4909-82c0-f2b8f7360246
ec922915-0f8f-4589-abaf-31e299704ca7,Auburn Tigers,634f883b-3184-4ffc-be07-af75eca6efb1,634f883b-3184-4ffc-be07-af75eca6efb1,Vanderbilt Commodores,4b323443-b71f-43ab-a999-b0c51d3f50f7,4b323443-b71f-43ab-a999-b0c51d3f50f7
f9549d86-c98d-4295-b01b-72964a67a73c,Florida State Seminoles,8fac84c9-a29a-4e50-93c6-e68a142af638,8fac84c9-a29a-4e50-93c6-e68a142af638,Virginia Cavaliers,4aea31e9-ceb9-4216-b671-1b0b9026e406,4aea31e9-ceb9-4216-b671-1b0b9026e406
42a2c57e-4b86-4cc0-ad1e-2f8ce2d8f22a,Villanova Wildcats,f7eec5d7-392e-4ba1-8929-6329358fbb15,f7eec5d7-392e-4ba1-8929-6329358fbb15,Marquette Golden Eagles,39ada210-bd7f-41ee-ae8f-c9ed3821ab29,39ada210-bd7f-41ee-ae8f-c9ed3821ab29
dcd8a20c-5f2e-4a20-8bfd-dfe67a867ad3,Illinois Fighting Illini,1dcc94b4-68ac-4a09-a4a7-869fc59c6250,1dcc94b4-68ac-4a09-a4a7-869fc59c6250,Wisconsin Badgers,44bb3647-99eb-4a04-86bb-33c09d6dee3e,44bb3647-99eb-4a04-86bb-33c09d6dee3e
534d36f5-9e53-4375-87ad-840defb27e25,Western Illinois Leathernecks,892e44e9-e481-4b35-895d-d36a8ee057b9,892e44e9-e481-4b35-895d-d36a8ee057b9,Eastern Illinois Panthers,264e6d1d-4dd3-4263-9309-6f43db1520e1,264e6d1d-4dd3-4263-9309-6f43db1520e1
2778029e-441d-419b-8bae-75dfbbc6b809,LSU Tigers,c2e73529-e8f7-4d76-999e-efca243044e8,c2e73529-e8f7-4d76-999e-efca243044e8,Arkansas Razorbacks,d65b488b-bab2-46c8-8717-ca35a731591f,d65b488b-bab2-46c8-8717-ca35a731591f
43e39feb-e7e0-4db2-aee9-6c2105c45bb7,Utah State Aggies,2fd4e8af-aa1c-4196-8f8e-f77376dbac11,2fd4e8af-aa1c-4196-8f8e-f77376dbac11,Fresno State Bulldogs,e1681281-f576-4dd4-9d13-8ed9836bf2bb,e1681281-f576-4dd4-9d13-8ed9836bf2bb
510c9b93-d0c5-42de-a189-296b1de58bce,Texas Christian Horned Frogs,66f229c3-ac03-4496-9175-1b255a3b9732,66f229c3-ac03-4496-9175-1b255a3b9732,Iowa State Cyclones,31f42929-e924-471f-aa36-c4298a3312f6,31f42929-e924-471f-aa36-c4298a3312f6
798b6b22-bd53-4d18-b6c4-8a2555150006,Air Force Falcons,31dabd6b-1791-4c56-8d56-523756c0047c,31dabd6b-1791-4c56-8d56-523756c0047c,Colorado State Rams,57eb6932-7fb3-4844-9d3c-a0285dc33fdc,57eb6932-7fb3-4844-9d3c-a0285dc33fdc
d300db0b-2982-409a-867e-d7568b833847,Utah Utes,0551253a-db79-468b-ab3c-1e2f1ce31b44,0551253a-db79-468b-ab3c-1e2f1ce31b44,Houston Cougars,bd92b79d-46a5-4514-8424-c6412bddfe23,bd92b79d-46a5-4514-8424-c6412bddfe23
e72ad8bb-c84f-401f-ba08-3062e65beeae,Pittsburgh Panthers,1ba5a540-ca59-486b-b31c-988c85bb220c,1ba5a540-ca59-486b-b31c-988c85bb220c,Duke Blue Devils,9305de30-cd95-45c1-942a-6c9ff616cb62,9305de30-cd95-45c1-942a-6c9ff616cb62
f5a99b15-b15d-41bc-910b-71da1803a3ec,Arizona State Sun Devils,a0992269-0ccc-4e33-bf13-8195034a3243,a0992269-0ccc-4e33-bf13-8195034a3243,Oklahoma State Cowboys,3a90ba44-4d42-49aa-a30e-b5f45321d611,3a90ba44-4d42-49aa-a30e-b5f45321d611
7c721e86-3f25-4b62-9c48-5d5466784101,UNLV Rebels,4752584a-9083-4029-b3cb-c6f6ed6ead44,4752584a-9083-4029-b3cb-c6f6ed6ead44,San Jose State Spartans,89cf33cf-8a57-4f4e-8ab8-6f9ddd00312e,89cf33cf-8a57-4f4e-8ab8-6f9ddd00312e
a441196b-3b8c-4ceb-ad93-681608f3d6ea,Gonzaga Bulldogs,9fd670ca-a1c5-45a8-a8dd-f05ec512e14d,9fd670ca-a1c5-45a8-a8dd-f05ec512e14d,Washington State Cougars,9eab08c6-8e63-481d-b380-5fe27111e962,9eab08c6-8e63-481d-b380-5fe27111e962
1f7f693f-d852-492a-a616-9d4eb25893bc,Army Black Knights,a124b15a-73bf-40a9-92b8-935687a6db1a,a124b15a-73bf-40a9-92b8-935687a6db1a,Boston Terriers,d4e44ae5-5311-424d-96aa-3880a202e6b7,d4e44ae5-5311-424d-96aa-3880a202e6b7
737f7c42-c522-40dd-a226-f4b3368ac8ca,Holy Cross Crusaders,374f3273-9a78-4452-a20c-d2060cc827c4,374f3273-9a78-4452-a20c-d2060cc827c4,Colgate Raiders,6f406b4c-ce03-4269-8e66-a194717af45d,6f406b4c-ce03-4269-8e66-a194717af45d
b5c6bb6a-0ac4-48bb-a3b7-bd88b40fd290,Maryland Terrapins,9c9671b0-ba41-45cb-9e8b-9f999ab0d97e,9c9671b0-ba41-45cb-9e8b-9f999ab0d97e,Iowa Hawkeyes,ffd88ead-d4fa-44b7-ad99-f73ca2e9121f,ffd88ead-d4fa-44b7-ad99-f73ca2e9121f
65f2fbb4-a6a4-4df1-b20f-4583d820b1f2,La Salle Explorers,eb4d6fd5-c7d7-4a2d-b5c4-fecc30312dc0,eb4d6fd5-c7d7-4a2d-b5c4-fecc30312dc0,Virginia Commonwealth Rams,8ece1898-a7ad-4d7b-881c-204f280c7803,8ece1898-a7ad-4d7b-881c-204f280c7803
a1184ebe-d3f5-4ff8-b3d1-3ededd1ff47a,Ohio State Buckeyes,46e5938d-9e0d-4628-9030-fec405173f62,46e5938d-9e0d-4628-9030-fec405173f62,USC Trojans,b0996cd6-3f62-4a8f-898c-5c8c157ee971,b0996cd6-3f62-4a8f-898c-5c8c157ee971
1073e48a-f4c8-4761-85a5-e606ed0aa216,Queens Royals,0e8e1470-6972-4835-8192-d74a4f8662c6,0e8e1470-6972-4835-8192-d74a4f8662c6,Austin Peay State Governors,eeb14391-7aee-47d9-9773-8278b6fdee8d,eeb14391-7aee-47d9-9773-8278b6fdee8d
2806ee0a-811a-4501-ad60-e848151389cc,Lafayette Leopards,e0ea133e-9e69-4760-929d-81b0b8f2780b,e0ea133e-9e69-4760-929d-81b0b8f2780b,Loyola Maryland Greyhounds,92450402-49ca-4558-9c0f-70be0ff0d01e,92450402-49ca-4558-9c0f-70be0ff0d01e
481b8717-dcbd-4a0b-a63b-058de750b46c,Stetson Hatters,555e83c6-3d15-4f22-ad8b-4b1ab9107fd4,555e83c6-3d15-4f22-ad8b-4b1ab9107fd4,Jacksonville Dolphins,ceefe4be-12c1-4ed6-b0e0-6a94397c60d8,ceefe4be-12c1-4ed6-b0e0-6a94397c60d8
506cf523-f224-4c48-a8dd-187aec49d530,Clemson Tigers,8e514bb5-3d92-4b9b-b2fb-66930f87f658,8e514bb5-3d92-4b9b-b2fb-66930f87f658,Virginia Tech Hokies,cc798c58-c77c-4f60-a8d4-d502456cee58,cc798c58-c77c-4f60-a8d4-d502456cee58
51f8f375-bdb3-4111-aea9-b414aad15d5e,North Carolina Greensboro Spartans,fc1ac78e-89a2-43e2-92f9-69593e1768f2,fc1ac78e-89a2-43e2-92f9-69593e1768f2,Virginia Military Institute Keydets,d3006f55-7702-48f8-b007-975e36f7dd7d,d3006f55-7702-48f8-b007-975e36f7dd7d
564021be-83e5-4ef1-9979-907df2f43714,Western Michigan Broncos,b92125a3-be5f-414f-8579-0011f6cd61a7,b92125a3-be5f-414f-8579-0011f6cd61a7,Toledo Rockets,b8d6c83e-62ae-4ef4-b7e2-b2c54e23751f,b8d6c83e-62ae-4ef4-b7e2-b2c54e23751f
6d94dd9b-e89a-4bd6-9aae-aa30cca968c7,Mercer Bears,3e9920c4-b26c-4c69-8c93-ca5cea38b048,3e9920c4-b26c-4c69-8c93-ca5cea38b048,Furman Paladins,a1c61369-3d86-4348-b582-b8418f0624c7,a1c61369-3d86-4348-b582-b8418f0624c7
85b0bc32-69c2-49e9-8699-ffe52b632908,Georgia Bulldogs,564c9310-ddd6-47c0-9119-2d01355014b4,564c9310-ddd6-47c0-9119-2d01355014b4,Florida Gators,f0905ce1-7146-4f24-b705-4f1d41f4dc33,f0905ce1-7146-4f24-b705-4f1d41f4dc33
87c30bd2-8701-45f8-b074-1234eaaeaaac,Lehigh Mountain Hawks,7939a41f-9f66-4255-9638-089f7db403c5,7939a41f-9f66-4255-9638-089f7db403c5,American Eagles,01d829cd-f747-4189-a176-6da13fff38fc,01d829cd-f747-4189-a176-6da13fff38fc
d8cd7119-80da-4f23-bb17-69f3b7a93dce,Mississippi Rebels,7ac2cdb1-9456-480f-907a-b50e624e6f89,7ac2cdb1-9456-480f-907a-b50e624e6f89,Alabama Crimson Tide,acf559d3-268c-4b2a-b6d4-4b92fa88ad83,acf559d3-268c-4b2a-b6d4-4b92fa88ad83
e10b95af-52a0-4cf4-aa6e-89ee3fe02e03,Ball State Cardinals,9fac1d5b-607d-4a3f-86b0-6a14d36b87b2,9fac1d5b-607d-4a3f-86b0-6a14d36b87b2,Buffalo Bulls,0e7e5f4b-b981-4ca9-b0d9-e67cdd4b323c,0e7e5f4b-b981-4ca9-b0d9-e67cdd4b323c
2030a6f0-e9c6-4717-8205-ed678435ef59,Butler Bulldogs,366cda3f-b8a7-4137-9fe4-2ecf08b2bca2,366cda3f-b8a7-4137-9fe4-2ecf08b2bca2,Connecticut Huskies,b81ebbf4-18c2-48b0-8c71-017a4402af86,b81ebbf4-18c2-48b0-8c71-017a4402af86
2d7056a0-fa1f-4b36-95d2-1cf99a045ed0,Seton Hall Pirates,599cdda8-8ccb-4858-bda2-f1f58e8a8ada,599cdda8-8ccb-4858-bda2-f1f58e8a8ada,Providence Friars,751876f4-04ac-4d98-b269-888328fa1bcf,751876f4-04ac-4d98-b269-888328fa1bcf
562485f2-718b-4aaf-8731-75597166ed3b,Old Dominion Monarchs,7bc4df4d-5356-48e2-9641-1c1be1007e2b,7bc4df4d-5356-48e2-9641-1c1be1007e2b,Marshall Thundering Herd,6790549b-711d-4e80-a7a1-38fe802a9d43,6790549b-711d-4e80-a7a1-38fe802a9d43
95c9ea77-238c-437f-8c40-2eaf17d7490f,Tulane Green Wave,e1c96eeb-7584-4f75-94dc-9014089c59e3,e1c96eeb-7584-4f75-94dc-9014089c59e3,Temple Owls,d85035c0-bfbb-4c9f-bfa3-38f6ee2a4ac6,d85035c0-bfbb-4c9f-bfa3-38f6ee2a4ac6
078941c4-63cc-47a5-a6f4-bf593351f1cc,Rice Owls,ba97c4c2-6669-458e-8bb9-a683fc007b4f,ba97c4c2-6669-458e-8bb9-a683fc007b4f,Florida Atlantic Owls,8a612a80-a765-4691-ac78-e99a184ef73b,8a612a80-a765-4691-ac78-e99a184ef73b
727f5fee-9657-4937-936c-dbcfd5840b74,Northern Illinois Huskies,cdddb0da-cd68-4d84-bb84-99f8dd73f726,cdddb0da-cd68-4d84-bb84-99f8dd73f726,Bowling Green State Falcons,f731a4ef-e324-4eab-a636-757be2927d62,f731a4ef-e324-4eab-a636-757be2927d62
a99e6680-e587-41f2-9a87-5586aa17bdea,Lipscomb Bisons,d565d60c-f6cc-4ee6-8132-dce67920587b,d565d60c-f6cc-4ee6-8132-dce67920587b,Eastern Kentucky Colonels,8a4bfa9c-aadf-44fd-b995-4f9bd4671cdb,8a4bfa9c-aadf-44fd-b995-4f9bd4671cdb
bb90bb21-b759-4ee1-af79-23c0534455dd,Texas State Bobcats,be71f673-3bf2-479a-a82f-dd03c87a6dab,be71f673-3bf2-479a-a82f-dd03c87a6dab,Troy Trojans,761c23ac-7268-4a47-a0f3-155058639e4c,761c23ac-7268-4a47-a0f3-155058639e4c
bcbba85e-0910-4a13-9485-31fc1613e7eb,Tulsa Golden Hurricane,fbfe6ad5-e414-45cd-83a8-99b305e121fe,fbfe6ad5-e414-45cd-83a8-99b305e121fe,Alabama Birmingham Blazers,539c2f06-9114-4683-8880-785ee95ef800,539c2f06-9114-4683-8880-785ee95ef800
9749ca8f-841a-486f-a555-eb0f47b47ed7,Northwestern Wildcats,98321eb6-2bb9-4134-8a4b-946f619f0a1b,98321eb6-2bb9-4134-8a4b-946f619f0a1b,Michigan Wolverines,af7387d1-3ce5-4221-9797-8c3ee304d9d6,af7387d1-3ce5-4221-9797-8c3ee304d9d6
27bc1047-e41d-46e8-9afe-370b83964df7,Boston College Eagles,d7c03da7-66a0-4bdd-89b6-02fce40108f1,d7c03da7-66a0-4bdd-89b6-02fce40108f1,Stanford Cardinal,23f8e392-70bf-4be9-a893-0ded14cea9ce,23f8e392-70bf-4be9-a893-0ded14cea9ce
a10ba951-3a64-4150-af1d-077da3b48b16,Georgia Tech Yellow Jackets,58d5f7a7-cb50-4c9a-8775-5665b6d79141,58d5f7a7-cb50-4c9a-8775-5665b6d79141,Wake Forest Demon Deacons,836171fa-4fc0-482d-a2f9-5214b735580d,836171fa-4fc0-482d-a2f9-5214b735580d
efd26663-2fb8-4093-be45-9362d8f0e6bd,DePaul Blue Demons,5baaf6cd-318d-42c1-97f3-5334e62faa02,5baaf6cd-318d-42c1-97f3-5334e62faa02,Creighton Bluejays,1d9da374-916a-4a54-9034-fccf2c458903,1d9da374-916a-4a54-9034-fccf2c458903
7dd126fc-ff51-4020-a28b-354a92bbbb67,Pacific Tigers,049c986e-9de9-456f-ae98-d0a1750f0a61,049c986e-9de9-456f-ae98-d0a1750f0a61,Loyola Marymount Lions,2b5ad9ad-f517-4639-b84c-b2a620d2190f,2b5ad9ad-f517-4639-b84c-b2a620d2190f
7e08a965-3f44-479a-817e-f778491cfc92,Santa Clara Broncos,0a1fcc9a-3708-4f87-a0ca-a68cb5a9a3dc,0a1fcc9a-3708-4f87-a0ca-a68cb5a9a3dc,Seattle Redhawks,8d1b7d41-a3ea-42b9-983c-b3d52e319397,8d1b7d41-a3ea-42b9-983c-b3d52e319397
bab22fcd-ccfd-4e7e-b527-55413fc33f0e,Saint Mary's Gaels,7d0f9c09-c189-4875-a0b7-cce11f56eb88,7d0f9c09-c189-4875-a0b7-cce11f56eb88,Pepperdine Waves,e0ce1e3d-c693-4107-8970-13cf7d5af428,e0ce1e3d-c693-4107-8970-13cf7d5af428
f394ede9-5b36-4c04-90c1-dee6c9c25830,Grand Canyon Antelopes,2360813a-0274-4f48-8333-7a7563a77efe,2360813a-0274-4f48-8333-7a7563a77efe,New Mexico Lobos,fceebafd-38cd-492f-bbc6-1776bae8d182,fceebafd-38cd-492f-bbc6-1776bae8d182
c67903d5-e81d-4196-a400-4209f01c94e6,Washington Huskies,35c14b48-992f-431d-ba54-a78e20f55fd4,35c14b48-992f-431d-ba54-a78e20f55fd4,Penn State Nittany Lions,fac2ef41-62a9-43b2-8d65-4e9b6ce4bcda,fac2ef41-62a9-43b2-8d65-4e9b6ce4bcda
991d9124-a7ae-4bab-bbf4-ba20620e70b5,New Hampshire Wildcats,8a823149-400c-45a0-9876-21e2715a74e5,8a823149-400c-45a0-9876-21e2715a74e5,New Jersey Tech Highlanders,74c2eac4-34be-4caa-9bd6-efe587e52fd5,74c2eac4-34be-4caa-9bd6-efe587e52fd5
076aca5a-e751-43f3-828c-0832e51b836f,Kennesaw State Owls,6c970d8e-4a5f-41e5-872c-f6d27d9f0434,6c970d8e-4a5f-41e5-872c-f6d27d9f0434,Middle Tennessee State Blue Raiders,164b84fa-66f1-4fbf-9c5d-12f49531b03c,164b84fa-66f1-4fbf-9c5d-12f49531b03c
bf16a560-61a8-4522-be52-f171b4d46211,Binghamton Bearcats,45cc5076-79f3-49be-b2cd-9327b9f6a76f,45cc5076-79f3-49be-b2cd-9327b9f6a76f,Vermont Catamounts,6696f7d5-8fa9-4ae7-aeb4-69267fda2480,6696f7d5-8fa9-4ae7-aeb4-69267fda2480
dc2053a7-3e06-4425-9b04-4b965d06ff1e,IU Indianapolis Jaguars,8797ec6f-4563-4c6a-9686-0ef31f9fbac5,8797ec6f-4563-4c6a-9686-0ef31f9fbac5,Northern Kentucky Norse,bcae8032-f536-4605-bb3e-c0204e61c005,bcae8032-f536-4605-bb3e-c0204e61c005
18137044-782c-445f-83e2-5031cb21ed47,Wagner Seahawks,770d7d0a-4c9f-4a30-b5ac-686929e542c5,770d7d0a-4c9f-4a30-b5ac-686929e542c5,Long Island Sharks,bc83c11b-e333-42cb-b042-9092b477b7d5,bc83c11b-e333-42cb-b042-9092b477b7d5
1cda834d-0471-444a-9819-fcd0ef7afb70,Merrimack Warriors,d8dff608-533d-4e3a-865f-5af5d1ce38ad,d8dff608-533d-4e3a-865f-5af5d1ce38ad,Marist Red Foxes,d4f2f73b-f482-48be-9f73-b95f7602fcc8,d4f2f73b-f482-48be-9f73-b95f7602fcc8
28d9f3fd-0464-4f54-9275-25ee5d40fb63,Florida International Panthers,f8ac4de8-a524-4337-9407-082fadca119f,f8ac4de8-a524-4337-9407-082fadca119f,Delaware Fightin' Blue Hens,7cc5db4f-549c-4b33-85bb-17aa4e2e6275,7cc5db4f-549c-4b33-85bb-17aa4e2e6275
348aa1da-caf7-4b62-a5aa-4b3eff62a27d,James Madison Dukes,c720fa7b-1ce8-4044-b3ad-ea01a010461a,c720fa7b-1ce8-4044-b3ad-ea01a010461a,Georgia State Panthers,adfb3e70-117d-42ac-96c4-246ce0dea414,adfb3e70-117d-42ac-96c4-246ce0dea414
519772b8-7c5a-48d2-accd-cc97c0efc8c5,Chicago State Cougars,9dc1307f-e5fd-4a01-a9d0-8347229ef65b,9dc1307f-e5fd-4a01-a9d0-8347229ef65b,Stonehill Skyhawks,5f631d98-c7c2-11ec-9042-f28aa67e38fb,5f631d98-c7c2-11ec-9042-f28aa67e38fb
53bad5f0-361b-43b6-a1d5-e41e64dfed09,Wright State Raiders,ef64548a-b8ec-400f-a415-aab746b760a0,ef64548a-b8ec-400f-a415-aab746b760a0,Detroit Mercy Titans,5d1cc9b0-c68b-4da6-9428-55e167d04d4d,5d1cc9b0-c68b-4da6-9428-55e167d04d4d
952035e3-fcad-4791-80d9-d323c4f91ec8,Illinois State Redbirds,cd6ec2eb-8974-44d1-994d-aa32b084f256,cd6ec2eb-8974-44d1-994d-aa32b084f256,Valparaiso Beacons,6dbddb09-fcb1-43b8-818a-b547598f80e5,6dbddb09-fcb1-43b8-818a-b547598f80e5
b28587f0-5127-48fc-a007-ed471060c247,Towson Tigers,6d53504b-5f01-460c-8e10-fcb18e1802d7,6d53504b-5f01-460c-8e10-fcb18e1802d7,Stony Brook Seawolves,626f93d7-a0e8-413d-8e7f-5b9321da2137,626f93d7-a0e8-413d-8e7f-5b9321da2137
cc65fdab-bba2-4dd7-b3fb-4774d76f69b4,Northeastern Huskies,6df73bd1-f68e-4cc1-8229-f6b0f60a66c5,6df73bd1-f68e-4cc1-8229-f6b0f60a66c5,William & Mary Tribe,d2b136f1-1c9b-4eea-9863-ade5fdc10ac3,d2b136f1-1c9b-4eea-9863-ade5fdc10ac3
d6b8adc1-c48a-4164-a968-9515af355f86,Wisconsin Green Bay Phoenix,1baaf0cd-a760-4acd-bf51-0f31aef1f556,1baaf0cd-a760-4acd-bf51-0f31aef1f556,Indiana Purdue Fort Wayne Mastodons,64cfe19d-2113-48ce-8666-40a79aa80bd2,64cfe19d-2113-48ce-8666-40a79aa80bd2
dce2d534-13f9-416b-8739-3ac0582ddc95,Oakland Golden Grizzlies,795a8a1e-ef5b-4d36-b60f-285ba193e144,795a8a1e-ef5b-4d36-b60f-285ba193e144,Youngstown State Penguins,fc8badcf-5282-4663-b00f-32c75a65d575,fc8badcf-5282-4663-b00f-32c75a65d575
f218baad-c9b9-46c3-826a-a29e013a4bfc,Fairleigh Dickinson Knights,df60c6e8-29d9-4973-8821-500d931be7ec,df60c6e8-29d9-4973-8821-500d931be7ec,Saint Francis Red Flash,5893b945-8c1f-4d18-912a-71f863d59867,5893b945-8c1f-4d18-912a-71f863d59867
fe9364fa-b39e-4ca7-b527-144f61cf190d,Cleveland State Vikings,c0b180af-3512-4f3f-8078-73fd325965bc,c0b180af-3512-4f3f-8078-73fd325965bc,Robert Morris Colonials,39a771c7-8580-462c-8382-5c459da50b9b,39a771c7-8580-462c-8382-5c459da50b9b
1b3b0d17-783a-4c47-bc3a-261e281005cd,Missouri State Bears,d4f081c3-dde9-4513-8890-bcd60498c278,d4f081c3-dde9-4513-8890-bcd60498c278,Louisiana Tech Bulldogs,fab3fedd-48e2-4804-a531-a1c445f12e22,fab3fedd-48e2-4804-a531-a1c445f12e22
1318a8a4-c849-461d-9db7-57aa69d65ea3,Denver Pioneers,2ac616d0-99d4-456c-b461-8751a5807ba2,2ac616d0-99d4-456c-b461-8751a5807ba2,South Dakota State Jackrabbits,21c597da-276b-428d-b631-20158997aee3,21c597da-276b-428d-b631-20158997aee3
24ac3198-a3d1-4fcd-9c86-9b600bb9a453,Niagara Purple Eagles,db93f588-3cf9-428f-9db7-f93f57023ae2,db93f588-3cf9-428f-9db7-f93f57023ae2,Manhattan Jaspers,c3e90e02-08c9-4808-8bd2-35af9d493cd8,c3e90e02-08c9-4808-8bd2-35af9d493cd8
176f8991-a364-44bb-90ba-4141c2f9a006,George Washington Revolutionaries,a1292433-bf11-45d1-8be3-d712a3b35af5,a1292433-bf11-45d1-8be3-d712a3b35af5,George Mason Patriots,dce0f9e2-e86f-45ca-b39f-320a58ebafff,dce0f9e2-e86f-45ca-b39f-320a58ebafff
55118f70-b9b6-4a15-9052-fee660248c7c,Pennsylvania Quakers,e3c0bd8a-7487-41e3-a743-46131132ed6a,e3c0bd8a-7487-41e3-a743-46131132ed6a,Columbia Lions,80bd5152-68b9-4c06-bb06-f88a256e5ebb,80bd5152-68b9-4c06-bb06-f88a256e5ebb
5a4e3a3c-3bf2-442a-a369-733f369d7648,Canisius Golden Griffins,f06b0111-8d3f-4236-b73a-aa2e422e8415,f06b0111-8d3f-4236-b73a-aa2e422e8415,Iona Gaels,311dc709-284a-468d-bb74-6386954f892f,311dc709-284a-468d-bb74-6386954f892f
7af13ab8-a4a6-467c-94d3-f9e2221e62db,Rider Broncs,5f78ff67-9d45-41a2-94d6-bcf065bb16b9,5f78ff67-9d45-41a2-94d6-bcf065bb16b9,Mount St. Mary's Mountaineers,86eb9881-4553-43b3-9993-863910db5335,86eb9881-4553-43b3-9993-863910db5335
b4724a3c-4e92-4dfc-9b0f-1ac7be486493,Sacred Heart Pioneers,f8b07ad9-dccc-46f3-b449-bef363fa2c00,f8b07ad9-dccc-46f3-b449-bef363fa2c00,Saint Peter's Peacocks,099ee231-0bc5-4d6e-b42f-58ce0099f0f2,099ee231-0bc5-4d6e-b42f-58ce0099f0f2
c87a803e-d9c2-4790-a8b5-407b80679e7d,Dartmouth Big Green,29555248-ba57-4a1c-9bdf-9807dee669b0,29555248-ba57-4a1c-9bdf-9807dee669b0,Yale Bulldogs,08e01cc4-a712-4f87-aeab-dec3bef76e64,08e01cc4-a712-4f87-aeab-dec3bef76e64
df470525-416b-45b8-9e52-f16c2b325092,Princeton Tigers,0fa9bab6-d8a4-4050-8eec-cc9cbe8b225a,0fa9bab6-d8a4-4050-8eec-cc9cbe8b225a,Cornell Big Red,39488a02-9273-4954-abf5-f5b57c05895c,39488a02-9273-4954-abf5-f5b57c05895c
761212e0-ffa8-4f91-b879-68e7f167f312,Wisconsin Badgers,44bb3647-99eb-4a04-86bb-33c09d6dee3e,44bb3647-99eb-4a04-86bb-33c09d6dee3e,Michigan State Spartans,575f4d2f-6e7a-4fac-9dc6-7143738b4403,575f4d2f-6e7a-4fac-9dc6-7143738b4403
0d837eda-8d30-4be5-b7df-71021ff54a33,Boise State Broncos,9c0161bd-55b6-4b36-ac1c-fce6d3bd83fb,9c0161bd-55b6-4b36-ac1c-fce6d3bd83fb,UNLV Rebels,4752584a-9083-4029-b3cb-c6f6ed6ead44,4752584a-9083-4029-b3cb-c6f6ed6ead44
d3dad884-8788-40f9-9301-afd545835c73,Hampton Pirates,4e882ebc-63b2-46a2-9bc6-cd2c1e341e84,4e882ebc-63b2-46a2-9bc6-cd2c1e341e84,North Carolina A&T Aggies,3e84450c-9d1a-4ca5-b869-7d27797bacdc,3e84450c-9d1a-4ca5-b869-7d27797bacdc
3703994d-d994-4025-bee9-5517f7f7e469,East Tennessee State Buccaneers,6bb1ca98-9fb6-4b47-8350-8469af58e2d5,6bb1ca98-9fb6-4b47-8350-8469af58e2d5,Samford Bulldogs,a305447b-a11d-4f2d-96ef-fca172940094,a305447b-a11d-4f2d-96ef-fca172940094
3edb8ec2-af47-403c-8adc-2048d6727271,Notre Dame Fighting Irish,74fbf7cd-9d46-414a-b447-c79fc21657a7,74fbf7cd-9d46-414a-b447-c79fc21657a7,Georgia Tech Yellow Jackets,58d5f7a7-cb50-4c9a-8775-5665b6d79141,58d5f7a7-cb50-4c9a-8775-5665b6d79141
aa1a5963-6798-470e-a2f2-8ae40cab6f69,Boston College Eagles,d7c03da7-66a0-4bdd-89b6-02fce40108f1,d7c03da7-66a0-4bdd-89b6-02fce40108f1,California Berkeley Golden Bears,2d1a46ff-c7aa-4ba2-ab3d-900b2aa03baa,2d1a46ff-c7aa-4ba2-ab3d-900b2aa03baa
15dfb49f-7d49-45ce-9bd4-733b71c0b1e0,New Haven Chargers,e7e7a7ae-37f7-48a4-88ac-2bea8387ff79,e7e7a7ae-37f7-48a4-88ac-2bea8387ff79,Long Island Sharks,bc83c11b-e333-42cb-b042-9092b477b7d5,bc83c11b-e333-42cb-b042-9092b477b7d5
9a8c6330-e6f1-4325-b004-213f3835ef28,Le Moyne Dolphins,bd1cd1b5-4d38-4a22-b114-84fccda0ce06,bd1cd1b5-4d38-4a22-b114-84fccda0ce06,Chicago State Cougars,9dc1307f-e5fd-4a01-a9d0-8347229ef65b,9dc1307f-e5fd-4a01-a9d0-8347229ef65b
b1fda2d0-d358-4c53-a475-b5ef36a87d4f,Vanderbilt Commodores,4b323443-b71f-43ab-a999-b0c51d3f50f7,4b323443-b71f-43ab-a999-b0c51d3f50f7,Texas A&M Aggies,4d189c2b-5b9d-48eb-ac9d-0cbe65e2e056,4d189c2b-5b9d-48eb-ac9d-0cbe65e2e056
b4dd6439-742a-4190-8334-80234e8a7a0e,New Hampshire Wildcats,8a823149-400c-45a0-9876-21e2715a74e5,8a823149-400c-45a0-9876-21e2715a74e5,UMBC Retrievers,249df5e3-6695-4b28-b581-c90b38ae87bb,249df5e3-6695-4b28-b581-c90b38ae87bb
bb18aed9-be14-4af9-9527-45f8241a5938,The Citadel Bulldogs,1c9b8757-5efe-4ee9-94e8-67c45755117a,1c9b8757-5efe-4ee9-94e8-67c45755117a,Mercer Bears,3e9920c4-b26c-4c69-8c93-ca5cea38b048,3e9920c4-b26c-4c69-8c93-ca5cea38b048
c1334409-1ef9-4984-91f0-5da101567620,Virginia Military Institute Keydets,d3006f55-7702-48f8-b007-975e36f7dd7d,d3006f55-7702-48f8-b007-975e36f7dd7d,Furman Paladins,a1c61369-3d86-4348-b582-b8418f0624c7,a1c61369-3d86-4348-b582-b8418f0624c7
e5f6d502-6889-4ea3-bbca-5e4487793e89,Michigan Wolverines,af7387d1-3ce5-4221-9797-8c3ee304d9d6,af7387d1-3ce5-4221-9797-8c3ee304d9d6,UCLA Bruins,b7cb4cbd-02d5-4547-a36d-c80fd5572056,b7cb4cbd-02d5-4547-a36d-c80fd5572056
ed78db61-b5e6-4631-87c8-341a507b005e,Boston Terriers,d4e44ae5-5311-424d-96aa-3880a202e6b7,d4e44ae5-5311-424d-96aa-3880a202e6b7,Bucknell Bison,89cc34b0-d314-4c2e-8e3f-5862862df953,89cc34b0-d314-4c2e-8e3f-5862862df953
0d507b2d-a75c-4df2-9b69-f77dfbf3e063,Central Arkansas Bears,24697232-a451-4b52-987d-a2454c42cc97,24697232-a451-4b52-987d-a2454c42cc97,West Georgia Wolves,fa96bbee-7cba-42c6-b1e1-e10eb198af2d,fa96bbee-7cba-42c6-b1e1-e10eb198af2d
29171072-511e-4d77-87a8-08e5c4637711,Vermont Catamounts,6696f7d5-8fa9-4ae7-aeb4-69267fda2480,6696f7d5-8fa9-4ae7-aeb4-69267fda2480,Bryant Bulldogs,fc0a5664-a928-444c-9d98-d32c4659a31c,fc0a5664-a928-444c-9d98-d32c4659a31c
35033196-3c49-463a-b35f-20d53d0b19dc,American Eagles,01d829cd-f747-4189-a176-6da13fff38fc,01d829cd-f747-4189-a176-6da13fff38fc,Army Black Knights,a124b15a-73bf-40a9-92b8-935687a6db1a,a124b15a-73bf-40a9-92b8-935687a6db1a
606ea862-8c79-47f1-bf3d-a5c414a92d31,William & Mary Tribe,d2b136f1-1c9b-4eea-9863-ade5fdc10ac3,d2b136f1-1c9b-4eea-9863-ade5fdc10ac3,Elon Phoenix,bfbac3d1-8e7f-4ab5-9f3f-834ce201fd07,bfbac3d1-8e7f-4ab5-9f3f-834ce201fd07
67bce9f6-d2c3-43c1-a0d7-82f35e65e7f5,Fairleigh Dickinson Knights,df60c6e8-29d9-4973-8821-500d931be7ec,df60c6e8-29d9-4973-8821-500d931be7ec,Central Connecticut State Blue Devils,2d345f5c-0939-4d11-ac8f-8b761495d355,2d345f5c-0939-4d11-ac8f-8b761495d355
7e0e39f2-c4ad-458c-85f2-729895a7d90a,Eastern Michigan Eagles,d2a10153-02ef-494c-b213-83f3dbd3683b,d2a10153-02ef-494c-b213-83f3dbd3683b,Western Michigan Broncos,b92125a3-be5f-414f-8579-0011f6cd61a7,b92125a3-be5f-414f-8579-0011f6cd61a7
7fc34138-664f-4a3d-9d30-26538de16500,Florida Gulf Coast Eagles,4f687722-0dfa-4703-bdc6-71b596a65820,4f687722-0dfa-4703-bdc6-71b596a65820,Stetson Hatters,555e83c6-3d15-4f22-ad8b-4b1ab9107fd4,555e83c6-3d15-4f22-ad8b-4b1ab9107fd4
85e9cf4c-f9d1-4957-92d7-38b94d49f804,UTEP Miners,47825664-2529-4075-a31c-f3d29363ebf0,47825664-2529-4075-a31c-f3d29363ebf0,Liberty Flames,f9b22171-31de-4c20-bb33-04d790417627,f9b22171-31de-4c20-bb33-04d790417627
8c0b0946-1cac-4f5a-8df7-f92d4c351555,Rice Owls,ba97c4c2-6669-458e-8bb9-a683fc007b4f,ba97c4c2-6669-458e-8bb9-a683fc007b4f,East Carolina Pirates,baafbf73-9dfc-4289-bcfe-14daf9782478,baafbf73-9dfc-4289-bcfe-14daf9782478
9cd39994-ac51-4cb8-85e0-314c8eab4053,Gardner Webb Runnin' Bulldogs,6042eea2-e6c5-4272-819a-4184dfd580fb,6042eea2-e6c5-4272-819a-4184dfd580fb,High Point Panthers,13bcf02c-804a-4ac5-b387-97b7c25ed4dc,13bcf02c-804a-4ac5-b387-97b7c25ed4dc
b1d684a6-4b51-410e-8576-b65cfcc2ebfc,Stonehill Skyhawks,5f631d98-c7c2-11ec-9042-f28aa67e38fb,5f631d98-c7c2-11ec-9042-f28aa67e38fb,Wagner Seahawks,770d7d0a-4c9f-4a30-b5ac-686929e542c5,770d7d0a-4c9f-4a30-b5ac-686929e542c5
bfcb9328-e338-4f19-8638-980e4f7d60ac,North Dakota Fighting Hawks,2718de72-164f-4c1a-b684-1d0052ed951b,2718de72-164f-4c1a-b684-1d0052ed951b,North Dakota State Bison,1d30e9ca-8af2-4d66-8907-1002e50478b8,1d30e9ca-8af2-4d66-8907-1002e50478b8
c7dc671c-b360-488c-9183-d0a9c09064c8,Colgate Raiders,6f406b4c-ce03-4269-8e66-a194717af45d,6f406b4c-ce03-4269-8e66-a194717af45d,Navy Midshipmen,d014d4d8-959d-417a-89a3-07d61b577bf9,d014d4d8-959d-417a-89a3-07d61b577bf9
d91eff5e-d7e9-42b0-97b3-9293c351cc97,Ball State Cardinals,9fac1d5b-607d-4a3f-86b0-6a14d36b87b2,9fac1d5b-607d-4a3f-86b0-6a14d36b87b2,Kent State Golden Flashes,9722ba2c-93a6-4669-b97a-5de15bbc74bc,9722ba2c-93a6-4669-b97a-5de15bbc74bc
da122e23-7782-4604-939e-7c1181536c70,Virginia Tech Hokies,cc798c58-c77c-4f60-a8d4-d502456cee58,cc798c58-c77c-4f60-a8d4-d502456cee58,Florida State Seminoles,8fac84c9-a29a-4e50-93c6-e68a142af638,8fac84c9-a29a-4e50-93c6-e68a142af638
f41aca16-029f-46a5-8879-04ea8f65139a,Saint Francis Red Flash,5893b945-8c1f-4d18-912a-71f863d59867,5893b945-8c1f-4d18-912a-71f863d59867,Mercyhurst Lakers,5f62b6be-c7c2-11ec-9042-f28aa67e38fb,5f62b6be-c7c2-11ec-9042-f28aa67e38fb
fc08491a-8ae3-43f5-8a18-1a04c4787997,Florida International Panthers,f8ac4de8-a524-4337-9407-082fadca119f,f8ac4de8-a524-4337-9407-082fadca119f,Louisiana Tech Bulldogs,fab3fedd-48e2-4804-a531-a1c445f12e22,fab3fedd-48e2-4804-a531-a1c445f12e22
0a3eafc2-9a2f-46e2-8680-e194822fe2a0,Radford Highlanders,0a2f972b-9dc5-4065-823f-de7a3c07bc86,0a2f972b-9dc5-4065-823f-de7a3c07bc86,Charleston Southern Buccaneers,15f74fee-6c41-4389-a4d2-a8169383da2d,15f74fee-6c41-4389-a4d2-a8169383da2d
580fa815-bc01-40cb-a9dc-641afce648de,Texas Arlington Mavericks,7f6a4152-a786-4a6e-84d3-369423f82f1b,7f6a4152-a786-4a6e-84d3-369423f82f1b,Southern Utah Thunderbirds,8e4cb61a-0458-42e7-b628-079118b30f87,8e4cb61a-0458-42e7-b628-079118b30f87
62e010bd-7ed5-46fb-86b2-7ab1a82a9c3f,Maine Black Bears,eea5cd05-9bba-4ff1-9d59-179684102438,eea5cd05-9bba-4ff1-9d59-179684102438,New Jersey Tech Highlanders,74c2eac4-34be-4caa-9bd6-efe587e52fd5,74c2eac4-34be-4caa-9bd6-efe587e52fd5
70e4bde4-142f-4786-a048-59927c7d7ff6,Missouri State Bears,d4f081c3-dde9-4513-8890-bcd60498c278,d4f081c3-dde9-4513-8890-bcd60498c278,Delaware Fightin' Blue Hens,7cc5db4f-549c-4b33-85bb-17aa4e2e6275,7cc5db4f-549c-4b33-85bb-17aa4e2e6275
744d94b7-5bed-44a9-acc0-4fa96751611f,Arkansas State Red Wolves,cc2bdb1d-2949-4110-bf2e-0ef2a85b12fd,cc2bdb1d-2949-4110-bf2e-0ef2a85b12fd,South Alabama Jaguars,12dd6e43-2cd9-4e3d-a6a0-c75dad82545a,12dd6e43-2cd9-4e3d-a6a0-c75dad82545a
7bed275e-ec4b-46d1-a0ea-34f56b9757f8,Florida Gators,f0905ce1-7146-4f24-b705-4f1d41f4dc33,f0905ce1-7146-4f24-b705-4f1d41f4dc33,Kentucky Wildcats,be372d64-2bcd-4070-ac32-44f50fba745c,be372d64-2bcd-4070-ac32-44f50fba745c
890f0ae6-78c1-405d-9603-be53ae2ecd66,Texas State Bobcats,be71f673-3bf2-479a-a82f-dd03c87a6dab,be71f673-3bf2-479a-a82f-dd03c87a6dab,Louisiana Monroe Warhawks,940104ca-3404-430f-8292-1cd9f3fcb992,940104ca-3404-430f-8292-1cd9f3fcb992
c42415d4-508c-469d-ad36-94037a8f8516,Longwood Lancers,4e0c2f4b-8c26-460d-98f8-801d85c07d8e,4e0c2f4b-8c26-460d-98f8-801d85c07d8e,South Carolina Upstate Spartans,32076482-1a4a-4f9a-9241-f5af62a795df,32076482-1a4a-4f9a-9241-f5af62a795df
ceabe1c0-3cb2-40a6-b7c7-990b2bb77252,Oregon Ducks,53059973-cb88-47c4-8074-f1d12f0acb49,53059973-cb88-47c4-8074-f1d12f0acb49,Penn State Nittany Lions,fac2ef41-62a9-43b2-8d65-4e9b6ce4bcda,fac2ef41-62a9-43b2-8d65-4e9b6ce4bcda
979334ab-b622-435e-b3e0-851b59733478,Morehead State Eagles,bd80ace3-9e81-4044-af66-769a67dab6bc,bd80ace3-9e81-4044-af66-769a67dab6bc,Tennessee State Tigers,f5579e45-18a9-4341-afde-753fb54c638c,f5579e45-18a9-4341-afde-753fb54c638c
bbe0a37e-0e70-435c-bbd2-9a1c9638a326,Old Dominion Monarchs,7bc4df4d-5356-48e2-9641-1c1be1007e2b,7bc4df4d-5356-48e2-9641-1c1be1007e2b,Georgia State Panthers,adfb3e70-117d-42ac-96c4-246ce0dea414,adfb3e70-117d-42ac-96c4-246ce0dea414
eb4658ae-7ac0-4e88-a14c-f664e72251ff,Oklahoma Sooners,96c6ea1f-c67a-4fbd-bb8e-6a12f4f2eb61,96c6ea1f-c67a-4fbd-bb8e-6a12f4f2eb61,Georgia Bulldogs,564c9310-ddd6-47c0-9119-2d01355014b4,564c9310-ddd6-47c0-9119-2d01355014b4
069c2edd-1bc8-4e1e-97cb-8e240f880177,Jacksonville Dolphins,ceefe4be-12c1-4ed6-b0e0-6a94397c60d8,ceefe4be-12c1-4ed6-b0e0-6a94397c60d8,North Florida Ospreys,c140e4eb-4903-45f6-9a8d-9a6d78b22690,c140e4eb-4903-45f6-9a8d-9a6d78b22690
193e61d5-316c-4324-9289-1e35b660f551,St. Bonaventure Bonnies,619e61d3-1974-45e8-842a-c4676205c9f7,619e61d3-1974-45e8-842a-c4676205c9f7,Duquesne Dukes,e356504c-0d22-49d8-a4ba-0e23b22d6421,e356504c-0d22-49d8-a4ba-0e23b22d6421
35ebe27e-2127-488b-92ff-d10f9ebc26f6,James Madison Dukes,c720fa7b-1ce8-4044-b3ad-ea01a010461a,c720fa7b-1ce8-4044-b3ad-ea01a010461a,Appalachian State Mountaineers,9d7ac1a1-2fee-4a9f-9fc2-1c14091428b2,9d7ac1a1-2fee-4a9f-9fc2-1c14091428b2
4670ba16-1b77-48cb-bc1d-e104544be3b7,Northern Colorado Bears,90275dcd-19dc-4ba9-bf2e-5e58ffb3a285,90275dcd-19dc-4ba9-bf2e-5e58ffb3a285,Portland State Vikings,cf92bb54-a877-4557-b519-e5302f257eeb,cf92bb54-a877-4557-b519-e5302f257eeb
7336835a-6879-4327-8064-02ef3b38d488,North Carolina State Wolfpack,01224fd8-48fd-4cf9-8a6f-080723d9a8f5,01224fd8-48fd-4cf9-8a6f-080723d9a8f5,Miami Hurricanes,a860ee7b-596d-4dca-9b95-3082bef7c6b2,a860ee7b-596d-4dca-9b95-3082bef7c6b2
7acb24b2-359b-484c-956b-ed86897abe7a,Queens Royals,0e8e1470-6972-4835-8192-d74a4f8662c6,0e8e1470-6972-4835-8192-d74a4f8662c6,Lipscomb Bisons,d565d60c-f6cc-4ee6-8132-dce67920587b,d565d60c-f6cc-4ee6-8132-dce67920587b
83054d31-6d21-47ca-9483-9b5ad90d1cb8,Colorado State Rams,57eb6932-7fb3-4844-9d3c-a0285dc33fdc,57eb6932-7fb3-4844-9d3c-a0285dc33fdc,Wyoming Cowboys,78571399-969c-4c71-b359-b0906bf42093,78571399-969c-4c71-b359-b0906bf42093
b560abc0-1ada-4ce0-a1d5-54fe8adc3131,Wake Forest Demon Deacons,836171fa-4fc0-482d-a2f9-5214b735580d,836171fa-4fc0-482d-a2f9-5214b735580d,Stanford Cardinal,23f8e392-70bf-4be9-a893-0ded14cea9ce,23f8e392-70bf-4be9-a893-0ded14cea9ce
ba281c04-5f24-43a8-9b07-4238494650b9,Abilene Christian Wildcats,936981f2-e9dd-4441-85ff-c160558d77ea,936981f2-e9dd-4441-85ff-c160558d77ea,Tarleton State Texans,a025ab24-6781-4f37-8bb3-4d2b24d331dd,a025ab24-6781-4f37-8bb3-4d2b24d331dd
c18add5f-5d2a-4503-8f6e-e70fe8a07016,Alabama State Hornets,35d7f0bd-2206-4458-8a53-2d97cdfcba34,35d7f0bd-2206-4458-8a53-2d97cdfcba34,Arkansas Pine Bluff Golden Lions,f110bf0c-6e08-4d1c-bc00-1b2a0b2e0987,f110bf0c-6e08-4d1c-bc00-1b2a0b2e0987
d735624a-8fa1-48ac-8a25-cd18b154634f,Brigham Young Cougars,d3e8d847-e9c1-4594-93b8-5ef3c0020622,d3e8d847-e9c1-4594-93b8-5ef3c0020622,Colorado Buffaloes,3d2996b8-6d51-4278-9ffb-56ac58ee37a4,3d2996b8-6d51-4278-9ffb-56ac58ee37a4
dec7bf20-37d8-42d2-9484-02bb6762b67e,Binghamton Bearcats,45cc5076-79f3-49be-b2cd-9327b9f6a76f,45cc5076-79f3-49be-b2cd-9327b9f6a76f,Albany Great Danes,1ec3f10d-9709-4907-8940-0bab54d22dfe,1ec3f10d-9709-4907-8940-0bab54d22dfe
11ee8036-7e87-4555-95ab-1c4b94d131a6,Houston Christian Huskies,6b6cfef4-4c8f-47a0-bd68-e1318c60a8da,6b6cfef4-4c8f-47a0-bd68-e1318c60a8da,New Orleans Privateers,a38297dd-8364-4c47-96f5-114637d0cf08,a38297dd-8364-4c47-96f5-114637d0cf08
12d3d0fc-84cc-4939-989b-85fafa6d0639,South Carolina State Bulldogs,c2894bb8-e929-4efb-9d82-6335d40df709,c2894bb8-e929-4efb-9d82-6335d40df709,Morgan State Bears,6b7933d4-84a3-49ee-a7de-bb245ca96cab,6b7933d4-84a3-49ee-a7de-bb245ca96cab
20875810-8832-4af9-b140-9fe634260eac,North Carolina Central Eagles,aa1fd907-3583-4f82-b1e1-a570f291b099,aa1fd907-3583-4f82-b1e1-a570f291b099,Coppin State Eagles,e2fc2093-5c97-426b-8243-d46e476855a2,e2fc2093-5c97-426b-8243-d46e476855a2
4034d545-47ee-424f-a8aa-67ef5591e1e3,Lindenwood Lions,b28a4224-093a-488c-97e1-5b8d377cad28,b28a4224-093a-488c-97e1-5b8d377cad28,Southeast Missouri State Redhawks,d13a704b-8ae5-47bd-bee5-28e4a3e39b48,d13a704b-8ae5-47bd-bee5-28e4a3e39b48
54fb5983-eec7-4e67-8ad6-1e47e9324a87,Southern Illinois Edwardsville Cougars,b23e9789-5c91-423a-8748-0f7745ca7ddf,b23e9789-5c91-423a-8748-0f7745ca7ddf,Tennessee Martin Skyhawks,bfa23531-2508-461b-9d8b-eba4d64d8971,bfa23531-2508-461b-9d8b-eba4d64d8971
566bea0b-cf84-4453-95f6-08b003df1ecb,Tennessee Chattanooga Mocs,bbe1ea68-af10-4cc7-af21-98ae217317fc,bbe1ea68-af10-4cc7-af21-98ae217317fc,Western Carolina Catamounts,1cf03d1d-2b35-45b4-9d12-547f4f71ab27,1cf03d1d-2b35-45b4-9d12-547f4f71ab27
5a3a016e-79f0-4e17-8262-67bdd7fba5c3,Howard Bison,239b5289-af83-48c5-a124-a338c0cc2309,239b5289-af83-48c5-a124-a338c0cc2309,Maryland Eastern Shore Hawks,4e6d3a4b-2c04-4bbe-859b-f7d3be59edcd,4e6d3a4b-2c04-4bbe-859b-f7d3be59edcd
a75bfec0-ccd6-4f84-9f8b-d2278c5fb896,Norfolk State Spartans,99e3821b-5d4a-48e8-835c-439510ba1f9c,99e3821b-5d4a-48e8-835c-439510ba1f9c,Delaware State Hornets,2a29d75f-8760-4132-864b-758236b273c5,2a29d75f-8760-4132-864b-758236b273c5
b06aec78-daae-4e58-916c-ed208d58557f,Texas A&M Corpus Christi Islanders,2046fdff-d450-4d34-8457-b2f3775a6093,2046fdff-d450-4d34-8457-b2f3775a6093,Lamar Cardinals,10f1e001-0314-4d09-85cd-ea5605deeb5c,10f1e001-0314-4d09-85cd-ea5605deeb5c
f88c054b-0c90-4d25-b2ec-cb5e899d08aa,Northwestern State Demons,8117ec5e-3a7f-4790-9f52-75c18b125c03,8117ec5e-3a7f-4790-9f52-75c18b125c03,Southeastern Louisiana Lions,286444a6-ae55-4e6d-97fd-9747945b4c1f,286444a6-ae55-4e6d-97fd-9747945b4c1f
0ca2d707-f46e-43bc-a3d7-9b063275d9ab,Lafayette Leopards,e0ea133e-9e69-4760-929d-81b0b8f2780b,e0ea133e-9e69-4760-929d-81b0b8f2780b,Lehigh Mountain Hawks,7939a41f-9f66-4255-9638-089f7db403c5,7939a41f-9f66-4255-9638-089f7db403c5
14ab7458-79ba-455e-8d6c-a297d7cae66e,Southern Indiana Screaming Eagles,b67056bf-7590-4263-acec-2b738eb772cc,b67056bf-7590-4263-acec-2b738eb772cc,Tennessee Tech Golden Eagles,b966a475-22c9-45a4-91da-7f38ceb8b42c,b966a475-22c9-45a4-91da-7f38ceb8b42c
1f1207ed-98b2-41c8-b8b8-ad6f7f879923,Incarnate Word Cardinals,449b5636-bcd2-4059-942b-736c7ccfb287,449b5636-bcd2-4059-942b-736c7ccfb287,Nicholls State Colonels,75a9087d-1b0b-4f86-97eb-e4f4106cf447,75a9087d-1b0b-4f86-97eb-e4f4106cf447
3417e10a-b4d0-442a-9e3f-281447122653,Texas Southern Tigers,dedab3a6-f267-443b-a695-e1824a836ac9,dedab3a6-f267-443b-a695-e1824a836ac9,Grambling State Tigers,49a67767-418b-4729-9ad6-0a47fa0ba9d4,49a67767-418b-4729-9ad6-0a47fa0ba9d4
7740b7f7-c5c0-4c0e-959c-b3d0bf1c2634,North Carolina Greensboro Spartans,fc1ac78e-89a2-43e2-92f9-69593e1768f2,fc1ac78e-89a2-43e2-92f9-69593e1768f2,Wofford Terriers,ddf939f6-0ff8-48c4-ba80-1a33ee1646c3,ddf939f6-0ff8-48c4-ba80-1a33ee1646c3
7c227b5e-c160-4cbd-857b-4690df0721b2,Pepperdine Waves,e0ce1e3d-c693-4107-8970-13cf7d5af428,e0ce1e3d-c693-4107-8970-13cf7d5af428,Loyola Marymount Lions,2b5ad9ad-f517-4639-b84c-b2a620d2190f,2b5ad9ad-f517-4639-b84c-b2a620d2190f
88820220-a748-4f02-8fcb-2c9eb60c2e4c,Jacksonville State Gamecocks,211dc98a-d2d5-4efc-b7fd-491b5a3dd958,211dc98a-d2d5-4efc-b7fd-491b5a3dd958,New Mexico State Aggies,eb096731-b40a-4a72-bc15-438bfe8e897f,eb096731-b40a-4a72-bc15-438bfe8e897f
9355d3e5-60b9-42ff-ab0d-d5d930a0c85e,Fresno State Bulldogs,e1681281-f576-4dd4-9d13-8ed9836bf2bb,e1681281-f576-4dd4-9d13-8ed9836bf2bb,Air Force Falcons,31dabd6b-1791-4c56-8d56-523756c0047c,31dabd6b-1791-4c56-8d56-523756c0047c
9468d779-a604-489d-bc84-8066cba358ba,Alabama A&M Bulldogs,356c2f07-f04f-4bfb-8538-799b557cf778,356c2f07-f04f-4bfb-8538-799b557cf778,Mississippi Valley State Delta Devils,eecd035e-09c0-42a9-a061-710d1a151a8c,eecd035e-09c0-42a9-a061-710d1a151a8c
9e3345e5-aad0-4169-b3c6-d19da18ae2ed,Eastern Washington Eagles,c83c2869-51c7-4847-99e1-29689ec90575,c83c2869-51c7-4847-99e1-29689ec90575,Weber State Wildcats,b2707d18-6139-4022-bb88-43a82bf01905,b2707d18-6139-4022-bb88-43a82bf01905
c581397d-0f88-490e-88ef-e3fb61c8ff5c,Kennesaw State Owls,6c970d8e-4a5f-41e5-872c-f6d27d9f0434,6c970d8e-4a5f-41e5-872c-f6d27d9f0434,Sam Houston State Bearkats,7599fe4d-d5b3-479e-a2db-7a62a206795d,7599fe4d-d5b3-479e-a2db-7a62a206795d
d40e488e-8be3-40c3-a9db-1d154187a1ec,Cal Davis Aggies,33b700aa-ccb2-45b8-af9a-8d6a749035b4,33b700aa-ccb2-45b8-af9a-8d6a749035b4,Long Beach State Beach,e8a0117a-4a23-4eba-b5eb-fd8141720c49,e8a0117a-4a23-4eba-b5eb-fd8141720c49
07e1c39a-c438-4ab0-ac0b-06fd0fbdad78,Austin Peay State Governors,eeb14391-7aee-47d9-9773-8278b6fdee8d,eeb14391-7aee-47d9-9773-8278b6fdee8d,Bellarmine Knights,3846fd16-9abd-4227-b201-5975cb47e535,3846fd16-9abd-4227-b201-5975cb47e535
ab675b0b-56be-49f9-858f-a9ecefaa9c9e,Prairie View A&M Panthers,16e8c885-d800-4790-a705-3cd7abfb829d,16e8c885-d800-4790-a705-3cd7abfb829d,Southern Jaguars,0bcf4059-16ff-4e8f-a329-92a997136ee6,0bcf4059-16ff-4e8f-a329-92a997136ee6
77e620be-6a17-4738-89d7-6f37521e465e,Pennsylvania Quakers,e3c0bd8a-7487-41e3-a743-46131132ed6a,e3c0bd8a-7487-41e3-a743-46131132ed6a,Cornell Big Red,39488a02-9273-4954-abf5-f5b57c05895c,39488a02-9273-4954-abf5-f5b57c05895c
814e5589-ba69-4716-835c-b97f3ccd7335,Dartmouth Big Green,29555248-ba57-4a1c-9bdf-9807dee669b0,29555248-ba57-4a1c-9bdf-9807dee669b0,Brown Bears,d0a1589f-74ad-4fd2-9d3a-63a2558361b8,d0a1589f-74ad-4fd2-9d3a-63a2558361b8
b2e5f0c4-10dd-48b9-8464-946c6b8f960d,Richmond Spiders,51cd533d-945d-4fa9-8fb6-aadddee61758,51cd533d-945d-4fa9-8fb6-aadddee61758,Virginia Commonwealth Rams,8ece1898-a7ad-4d7b-881c-204f280c7803,8ece1898-a7ad-4d7b-881c-204f280c7803
d611b106-4929-43c0-8746-c2a8ee156894,Tennessee Volunteers,5c3db449-a49c-4962-9120-1db234f5871f,5c3db449-a49c-4962-9120-1db234f5871f,LSU Tigers,c2e73529-e8f7-4d76-999e-efca243044e8,c2e73529-e8f7-4d76-999e-efca243044e8
d91ab06a-4529-4f11-8873-174257caa02e,Princeton Tigers,0fa9bab6-d8a4-4050-8eec-cc9cbe8b225a,0fa9bab6-d8a4-4050-8eec-cc9cbe8b225a,Columbia Lions,80bd5152-68b9-4c06-bb06-f88a256e5ebb,80bd5152-68b9-4c06-bb06-f88a256e5ebb
dcbafedf-db32-4e4f-afe2-e5b8d60c7b07,UCF Knights,71a7c27d-79f4-4c63-9b28-3d9c359feed0,71a7c27d-79f4-4c63-9b28-3d9c359feed0,West Virginia Mountaineers,3a3c55a0-e1f0-4cb7-a0a1-e0c625ab84c3,3a3c55a0-e1f0-4cb7-a0a1-e0c625ab84c3
8421e676-8117-4659-bc7c-a69432ef569a,Mississippi Rebels,7ac2cdb1-9456-480f-907a-b50e624e6f89,7ac2cdb1-9456-480f-907a-b50e624e6f89,Mississippi State Bulldogs,8b0c05de-df07-432d-b9aa-6f405e45959d,8b0c05de-df07-432d-b9aa-6f405e45959d
ba742599-6380-44b4-8e44-aff43bf2916a,California Polytechnic Mustangs,63a9e0c4-a0f4-4034-889c-0c76cde6b17b,63a9e0c4-a0f4-4034-889c-0c76cde6b17b,Cal Santa Barbara Gauchos,71e774d5-a0e8-41b6-ad58-2fcbab2957fc,71e774d5-a0e8-41b6-ad58-2fcbab2957fc
c54d2b8e-fdef-4b70-b216-1f4c24ed8178,Wichita State Shockers,952caeed-750f-4175-9f0e-e52799415309,952caeed-750f-4175-9f0e-e52799415309,Tulsa Golden Hurricane,fbfe6ad5-e414-45cd-83a8-99b305e121fe,fbfe6ad5-e414-45cd-83a8-99b305e121fe
20cb4b93-ba06-4462-9e33-c92b82ff5bbc,Kansas City Roos,8f911439-756d-42bf-a6d6-006eddeb39a3,8f911439-756d-42bf-a6d6-006eddeb39a3,St. Thomas Minnesota Tommies,e8209536-769d-4c52-8c3d-6f3fd379e1c5,e8209536-769d-4c52-8c3d-6f3fd379e1c5
7d7f640f-4452-4ebe-8df8-bbe982f24929,Cal State Northridge Matadors,6cfb7635-d491-42c5-b856-544ea7795fa8,6cfb7635-d491-42c5-b856-544ea7795fa8,Hawaii Rainbow Warriors,7d856c8f-5dcc-4533-acc7-3a0698d8b84c,7d856c8f-5dcc-4533-acc7-3a0698d8b84c
e4feaac8-16ee-40f1-a18f-1d3916cda7a6,Utah State Aggies,2fd4e8af-aa1c-4196-8f8e-f77376dbac11,2fd4e8af-aa1c-4196-8f8e-f77376dbac11,Memphis Tigers,b8031552-c487-4d5f-9a17-4bd8f5a11239,b8031552-c487-4d5f-9a17-4bd8f5a11239
e8aef078-2295-46ae-b011-8c156170d161,Oral Roberts Golden Eagles,bf1cbf8f-ceff-4027-b7cc-2cf1946a5f98,bf1cbf8f-ceff-4027-b7cc-2cf1946a5f98,South Dakota State Jackrabbits,21c597da-276b-428d-b631-20158997aee3,21c597da-276b-428d-b631-20158997aee3
4db64d57-2aa2-4c53-a4c0-af015629c2b5,Missouri Tigers,c030fee4-7a20-45e4-bfb3-5289e9ae8e7d,c030fee4-7a20-45e4-bfb3-5289e9ae8e7d,Texas Longhorns,4db9da99-8e8f-445c-a9d5-344daff6bb89,4db9da99-8e8f-445c-a9d5-344daff6bb89
84f4af39-fb53-4c0a-b321-03df563e42fa,Southern Mississippi Golden Eagles,66ab3f18-2c6f-4685-8c16-2fa41cb5b65b,66ab3f18-2c6f-4685-8c16-2fa41cb5b65b,Troy Trojans,761c23ac-7268-4a47-a0f3-155058639e4c,761c23ac-7268-4a47-a0f3-155058639e4c
e7a1696d-8615-4fab-af30-da8d1c65f334,Alabama Crimson Tide,acf559d3-268c-4b2a-b6d4-4b92fa88ad83,acf559d3-268c-4b2a-b6d4-4b92fa88ad83,South Carolina Gamecocks,ed2bf4a2-e2cd-4eaa-aeb4-766daeb3f5d4,ed2bf4a2-e2cd-4eaa-aeb4-766daeb3f5d4
f0850bb9-6951-4314-8630-a7ab7e69cc54,Arkansas Razorbacks,d65b488b-bab2-46c8-8717-ca35a731591f,d65b488b-bab2-46c8-8717-ca35a731591f,Auburn Tigers,634f883b-3184-4ffc-be07-af75eca6efb1,634f883b-3184-4ffc-be07-af75eca6efb1
930d9b07-1ef2-4525-8f1c-d55c7b92c104,Montana Grizzlies,d8df8e79-7481-4412-bc31-bb8f3f5052f9,d8df8e79-7481-4412-bc31-bb8f3f5052f9,Montana State Fighting Bobcats,32c7fc6f-ad44-4035-95d9-593b96df8d2b,32c7fc6f-ad44-4035-95d9-593b96df8d2b
e9babfbe-45d2-4a4c-86e6-880d17d84dec,Utah Tech Trailblazers,01066e57-182f-4ea3-9301-0f9081a8b533,01066e57-182f-4ea3-9301-0f9081a8b533,California Baptist Lancers Women,12935dbb-0e10-4dc3-9f94-9f7275a8fbe3,12935dbb-0e10-4dc3-9f94-9f7275a8fbe3
166448d4-1cf2-48e9-b826-92e5dd65467a,UC San Diego Tritons,3d2137c1-0fee-4306-b945-7cae9e6875a9,3d2137c1-0fee-4306-b945-7cae9e6875a9,Cal Riverside Highlanders,f7811e10-b374-4184-a63a-2c865ccef494,f7811e10-b374-4184-a63a-2c865ccef494
c904ff5c-1388-4794-8b04-bb513a88301d,Cal Irvine Anteaters,75a97083-3b4c-4116-a013-5f789a1190b6,75a97083-3b4c-4116-a013-5f789a1190b6,Cal State Fullerton Titans,9b45ce86-bb1d-4818-a599-dd97ca8def50,9b45ce86-bb1d-4818-a599-dd97ca8def50
2be7cc2b-bcc8-467a-9f9d-7737b32c824a,Pacific Tigers,049c986e-9de9-456f-ae98-d0a1750f0a61,049c986e-9de9-456f-ae98-d0a1750f0a61,Saint Mary's Gaels,7d0f9c09-c189-4875-a0b7-cce11f56eb88,7d0f9c09-c189-4875-a0b7-cce11f56eb88
95d79bd4-95f6-45e0-a399-5139dbfc7ac8,Santa Clara Broncos,0a1fcc9a-3708-4f87-a0ca-a68cb5a9a3dc,0a1fcc9a-3708-4f87-a0ca-a68cb5a9a3dc,Gonzaga Bulldogs,9fd670ca-a1c5-45a8-a8dd-f05ec512e14d,9fd670ca-a1c5-45a8-a8dd-f05ec512e14d
6294fb8f-a79f-40a6-8f32-890b38f4a635,Old Dominion Monarchs,7bc4df4d-5356-48e2-9641-1c1be1007e2b,7bc4df4d-5356-48e2-9641-1c1be1007e2b,Louisiana Lafayette Ragin' Cajuns,b7037d9a-a25b-4795-ad3d-4b727ff02ef4,b7037d9a-a25b-4795-ad3d-4b727ff02ef4
4a4341e0-3063-4e49-b308-169ba17d7782,Long Island Sharks,bc83c11b-e333-42cb-b042-9092b477b7d5,bc83c11b-e333-42cb-b042-9092b477b7d5,Wagner Seahawks,770d7d0a-4c9f-4a30-b5ac-686929e542c5,770d7d0a-4c9f-4a30-b5ac-686929e542c5
7661112c-4221-41b1-b996-4d75a36980e4,Marshall Thundering Herd,6790549b-711d-4e80-a7a1-38fe802a9d43,6790549b-711d-4e80-a7a1-38fe802a9d43,South Alabama Jaguars,12dd6e43-2cd9-4e3d-a6a0-c75dad82545a,12dd6e43-2cd9-4e3d-a6a0-c75dad82545a
01fc52d6-72ab-4e0f-90df-c6eed01185df,Michigan State Spartans,575f4d2f-6e7a-4fac-9dc6-7143738b4403,575f4d2f-6e7a-4fac-9dc6-7143738b4403,UCLA Bruins,b7cb4cbd-02d5-4547-a36d-c80fd5572056,b7cb4cbd-02d5-4547-a36d-c80fd5572056
acf62a90-9acd-4612-a91d-85f11ae14561,Delaware Fightin' Blue Hens,7cc5db4f-549c-4b33-85bb-17aa4e2e6275,7cc5db4f-549c-4b33-85bb-17aa4e2e6275,Western Kentucky Hilltoppers,84eee29e-ea45-40cc-a67d-cc7b25c32de2,84eee29e-ea45-40cc-a67d-cc7b25c32de2
882e120c-b3ce-4b75-a22c-4c347f0c9092,South Carolina State Bulldogs,c2894bb8-e929-4efb-9d82-6335d40df709,c2894bb8-e929-4efb-9d82-6335d40df709,North Carolina Central Eagles,aa1fd907-3583-4f82-b1e1-a570f291b099,aa1fd907-3583-4f82-b1e1-a570f291b099
6cbfd325-6d0c-4b0f-9261-4814076a3a71,Middle Tennessee State Blue Raiders,164b84fa-66f1-4fbf-9c5d-12f49531b03c,164b84fa-66f1-4fbf-9c5d-12f49531b03c,Delaware Fightin' Blue Hens,7cc5db4f-549c-4b33-85bb-17aa4e2e6275,7cc5db4f-549c-4b33-85bb-17aa4e2e6275
63391fa3-6205-428b-865f-b7fa3a20bbee,Florida International Panthers,f8ac4de8-a524-4337-9407-082fadca119f,f8ac4de8-a524-4337-9407-082fadca119f,Missouri State Bears,d4f081c3-dde9-4513-8890-bcd60498c278,d4f081c3-dde9-4513-8890-bcd60498c278
f272eee3-a700-481d-9242-95baa59683af,Southeastern Louisiana Lions,286444a6-ae55-4e6d-97fd-9747945b4c1f,286444a6-ae55-4e6d-97fd-9747945b4c1f,UT Rio Grande Valley Vaqueros,3474ce84-c5f4-4992-bded-9cec9be741cc,3474ce84-c5f4-4992-bded-9cec9be741cc
03ec5d0b-9c3a-4975-ab44-68909337d8d3,Kennesaw State Owls,6c970d8e-4a5f-41e5-872c-f6d27d9f0434,6c970d8e-4a5f-41e5-872c-f6d27d9f0434,Louisiana Tech Bulldogs,fab3fedd-48e2-4804-a531-a1c445f12e22,fab3fedd-48e2-4804-a531-a1c445f12e22
d452cef9-4893-467f-a261-7f9614474ff4,Villanova Wildcats,f7eec5d7-392e-4ba1-8929-6329358fbb15,f7eec5d7-392e-4ba1-8929-6329358fbb15,Connecticut Huskies,b81ebbf4-18c2-48b0-8c71-017a4402af86,b81ebbf4-18c2-48b0-8c71-017a4402af86
6a1dae52-bf44-4044-9a4b-cc8c577b7127,Grambling State Tigers,49a67767-418b-4729-9ad6-0a47fa0ba9d4,49a67767-418b-4729-9ad6-0a47fa0ba9d4,Mississippi Valley State Delta Devils,eecd035e-09c0-42a9-a061-710d1a151a8c,eecd035e-09c0-42a9-a061-710d1a151a8c
51f6f20a-84f7-467d-b470-826fc601d5b0,Kennesaw State Owls,6c970d8e-4a5f-41e5-872c-f6d27d9f0434,6c970d8e-4a5f-41e5-872c-f6d27d9f0434,Liberty Flames,f9b22171-31de-4c20-bb33-04d790417627,f9b22171-31de-4c20-bb33-04d790417627
0f30ed4a-b672-4a41-be44-52a39836097d,Middle Tennessee State Blue Raiders,164b84fa-66f1-4fbf-9c5d-12f49531b03c,164b84fa-66f1-4fbf-9c5d-12f49531b03c,New Mexico State Aggies,eb096731-b40a-4a72-bc15-438bfe8e897f,eb096731-b40a-4a72-bc15-438bfe8e897f
a787de4d-c4a3-4c1a-82dc-effd2d19d686,Kennesaw State Owls,6c970d8e-4a5f-41e5-872c-f6d27d9f0434,6c970d8e-4a5f-41e5-872c-f6d27d9f0434,Delaware Fightin' Blue Hens,7cc5db4f-549c-4b33-85bb-17aa4e2e6275,7cc5db4f-549c-4b33-85bb-17aa4e2e6275
89fff10f-7894-4216-9230-1573678dce09,Florida International Panthers,f8ac4de8-a524-4337-9407-082fadca119f,f8ac4de8-a524-4337-9407-082fadca119f,Middle Tennessee State Blue Raiders,164b84fa-66f1-4fbf-9c5d-12f49531b03c,164b84fa-66f1-4fbf-9c5d-12f49531b03c
4e9e626c-907d-4780-a72b-57b33c562dcb,Florida International Panthers,f8ac4de8-a524-4337-9407-082fadca119f,f8ac4de8-a524-4337-9407-082fadca119f,Western Kentucky Hilltoppers,84eee29e-ea45-40cc-a67d-cc7b25c32de2,84eee29e-ea45-40cc-a67d-cc7b25c32de2
